"Judge","Candidate.Chosen","Candidate.Not.Chosen"
55,169,117
55,77,151
55,35,170
55,3,120
55,56,25
55,151,96
55,156,80
55,35,25
55,156,100
55,164,118
55,126,3
55,100,126
55,80,56
55,28,164
55,85,170
55,117,28
55,118,85
55,136,77
55,157,95
120,100,30
120,137,59
120,29,49
120,20,100
120,112,101
120,40,107
120,40,104
120,30,95
120,165,131
120,20,89
120,107,89
120,124,112
120,23,101
120,137,131
120,104,124
120,95,59
168,21,57
168,21,114
168,11,45
168,149,97
168,24,100
168,147,30
168,121,114
168,100,95
168,41,45
168,147,97
168,95,166
168,121,160
168,122,166
168,33,11
168,108,57
168,24,33
168,108,30
168,122,78
168,149,78
156,165,101
156,99,93
156,144,165
156,26,50
156,111,152
156,37,114
156,103,30
156,26,5
156,111,101
156,152,50
156,37,90
156,125,5
156,99,95
156,90,59
156,114,30
156,9,144
156,93,59
156,9,95
24,108,150
24,151,127
24,170,3
24,85,59
24,36,147
24,147,167
24,121,95
24,36,80
24,103,59
24,167,95
24,53,6
24,20,85
24,103,150
24,53,96
24,20,94
24,96,127
24,121,3
24,94,151
24,170,6
21,164,136
21,167,93
21,127,170
21,77,125
21,42,135
21,77,54
21,108,170
21,96,144
21,164,108
21,167,123
21,123,125
21,122,120
21,42,121
21,136,49
21,121,93
21,49,140
21,96,122
21,135,112
21,117,112
21,123,127
100,33,3
100,108,133
100,136,147
100,3,151
100,121,24
100,29,8
100,33,8
100,112,124
100,90,84
100,29,21
100,33,29
100,116,90
100,33,108
100,34,91
100,46,138
100,116,128
100,137,111
100,138,103
100,32,143
100,120,117
100,137,128
100,57,111
100,24,34
100,158,56
100,29,84
100,133,120
100,42,21
100,56,45
100,137,103
100,32,91
100,151,137
100,121,112
76,20,112
76,48,115
76,117,59
76,118,106
76,85,157
76,106,30
76,136,85
76,84,106
76,103,112
76,99,7
76,40,79
76,103,38
76,24,7
76,115,79
76,31,106
76,124,30
76,157,4
76,52,152
76,40,122
76,122,41
76,24,40
76,115,124
76,117,39
76,24,35
76,111,112
76,52,41
76,136,112
76,115,10
76,23,59
76,111,6
76,38,59
76,84,6
76,118,90
76,23,152
76,90,4
76,48,39
76,40,35
76,59,10
7,54,39
7,119,4
7,166,5
7,88,50
7,134,79
7,54,92
7,99,155
7,8,2
7,84,166
7,11,34
7,34,30
7,28,57
7,163,8
7,130,156
7,11,165
7,156,158
7,84,2
7,28,165
7,108,3
7,76,88
7,143,4
7,143,79
7,99,39
7,38,57
7,119,59
7,143,129
7,155,123
7,118,5
7,76,3
7,143,4
7,32,129
7,59,158
7,4,30
7,118,165
7,108,123
7,130,163
79,86,20
79,54,7
79,29,6
79,108,109
79,133,112
79,29,60
79,159,109
79,143,60
79,112,153
79,143,23
79,76,107
79,86,5
79,108,168
79,107,153
79,76,54
79,133,6
79,23,168
96,47,159
96,156,33
96,84,19
96,33,6
96,165,80
96,26,10
96,98,50
96,80,6
96,23,166
96,50,56
96,45,86
96,137,86
96,163,159
96,104,26
96,147,56
96,88,163
96,47,45
96,98,88
96,156,23
99,100,50
99,3,50
99,97,100
99,40,148
99,77,76
99,106,1
99,155,114
99,28,101
99,114,101
99,40,1
99,155,107
99,3,76
99,91,77
99,148,107
99,97,80
99,91,7
87,163,153
87,167,10
87,136,153
87,31,23
87,49,52
87,80,54
87,150,28
87,27,162
87,150,54
87,136,149
87,47,46
87,49,57
87,163,152
87,80,57
87,28,162
87,23,149
87,47,31
87,27,46
87,52,167
22,150,32
22,79,37
22,9,139
22,129,137
22,131,95
22,79,52
22,133,129
22,98,95
22,84,86
22,118,162
22,124,86
22,9,162
22,143,118
22,133,37
22,150,127
22,139,137
22,32,51
22,127,124
22,92,84
22,92,143
50,53,165
50,127,21
50,98,46
50,53,118
50,106,101
50,131,166
50,136,127
50,118,155
50,32,165
50,106,82
50,32,136
50,98,82
50,21,131
50,107,94
50,33,107
50,94,155
50,117,101
42,99,159
42,114,107
42,49,170
42,157,78
42,99,41
42,108,20
42,45,41
42,20,95
42,49,95
42,27,167
42,119,32
42,114,4
42,32,93
42,35,170
42,35,157
42,4,78
42,108,93
42,27,107
42,167,45
47,60,128
47,4,2
47,155,149
47,114,109
47,49,161
47,114,46
47,123,152
47,163,149
47,164,128
47,89,125
47,49,163
47,158,39
47,119,102
47,119,34
47,2,101
47,4,34
47,152,158
47,116,37
47,39,161
47,123,109
47,116,101
47,82,46
47,107,82
47,60,125
47,37,164
29,155,35
29,91,131
29,77,56
29,106,148
29,26,21
29,143,56
29,47,35
29,91,106
29,137,160
29,26,34
29,47,39
29,151,155
29,33,159
29,151,131
29,21,107
29,78,148
29,139,39
29,77,34
29,139,143
29,160,107
30,137,7
30,168,163
30,105,120
30,1,107
30,105,91
30,158,167
30,89,56
30,119,89
30,163,41
30,137,39
30,156,55
30,136,55
30,91,93
30,107,120
30,93,109
30,156,41
30,39,168
30,136,1
30,99,119
30,99,109
152,82,130
152,170,161
152,108,89
152,28,102
152,7,60
152,22,130
152,76,56
152,139,102
152,82,105
152,153,9
152,88,123
152,48,101
152,114,101
152,30,101
152,108,154
152,78,24
152,55,24
152,161,94
152,128,105
152,76,37
152,96,30
152,156,153
152,96,139
152,55,114
152,105,88
152,158,135
152,2,37
152,45,46
152,111,78
152,139,105
152,28,103
152,84,56
152,94,128
152,28,126
152,100,96
152,28,38
152,46,100
152,156,89
152,1,102
152,111,84
152,94,1
152,48,22
152,135,170
1001,105,44
1001,118,106
1001,52,60
1001,155,134
1001,54,57
1001,29,28
1001,35,54
1001,130,35
1001,44,96
1001,50,57
1001,53,87
1001,134,85
1001,138,56
1001,105,118
1001,106,87
1001,28,85
1001,155,50
1001,29,96
1001,10,46
1001,10,148
1001,130,148
1001,37,60
164,119,113
164,40,129
164,133,111
164,98,100
164,157,25
164,8,111
164,40,38
164,137,25
164,85,26
164,38,56
164,137,148
164,157,100
164,101,93
164,129,133
164,148,91
164,160,93
164,8,41
164,41,101
164,91,113
164,98,56
19,160,122
19,85,136
19,130,10
19,21,38
19,99,144
19,38,90
19,130,163
19,85,10
19,34,6
19,168,122
19,80,144
19,99,3
19,160,6
19,21,44
19,168,20
19,136,3
19,80,20
19,112,163
19,34,90
88,108,129
88,54,107
88,155,90
88,129,147
88,99,59
88,29,3
88,164,101
88,36,116
88,29,31
88,33,54
88,108,57
88,59,57
88,31,107
88,36,164
88,42,155
88,42,147
88,3,90
88,99,101
160,44,111
160,118,6
160,44,125
160,95,22
160,80,122
160,52,95
160,119,80
160,6,125
160,53,102
160,52,156
160,94,102
160,118,92
160,94,41
160,29,139
160,92,22
160,122,139
160,26,111
160,29,41
160,26,53
38,97,112
38,93,109
38,161,149
38,97,87
38,102,87
38,24,102
38,168,120
38,41,109
38,161,114
38,152,114
38,106,86
38,41,113
38,138,80
38,24,152
38,80,168
38,86,119
38,138,112
38,119,149
38,120,93
115,97,1
115,45,95
115,156,89
115,156,20
115,77,40
115,133,100
115,89,95
115,77,126
115,133,107
115,116,40
115,6,101
115,116,3
115,100,88
115,20,149
115,97,45
115,107,6
115,149,126
126,145,54
126,165,5
126,47,166
126,121,170
126,10,95
126,164,7
126,92,57
126,159,123
126,169,160
126,76,163
126,95,6
126,123,169
126,96,159
126,6,42
126,169,152
126,19,11
126,158,80
126,138,44
126,138,79
126,167,86
126,10,2
126,20,42
126,3,102
126,130,7
126,105,57
126,165,91
126,10,4
126,160,42
126,145,37
126,121,30
126,42,109
126,120,5
126,170,111
126,129,59
126,22,102
126,166,109
126,129,56
126,2,7
126,120,4
126,166,103
126,117,167
126,111,169
126,117,164
126,164,130
126,160,9
126,158,145
126,47,152
126,35,166
126,3,103
126,37,166
126,153,22
126,11,10
126,105,128
126,92,131
126,108,109
126,145,91
126,121,44
126,130,35
126,20,163
126,108,19
126,121,86
126,136,166
126,111,80
126,131,56
126,48,6
126,76,39
126,30,55
126,55,153
126,54,79
126,7,128
126,96,6
126,48,164
89,11,85
89,11,115
89,135,27
89,151,109
89,135,109
89,151,6
89,10,152
89,52,152
89,124,125
89,115,86
89,84,119
89,150,85
89,84,6
89,27,113
89,134,10
89,150,125
89,85,93
89,138,124
89,52,85
89,140,134
89,164,119
113,115,93
113,8,78
113,119,166
113,97,42
113,143,52
113,52,151
113,143,148
113,96,148
113,134,112
113,134,42
113,36,166
113,36,115
113,97,40
113,109,151
113,168,109
113,119,40
113,96,78
163,45,8
163,80,134
163,8,28
163,45,24
163,119,134
163,89,85
163,96,164
163,52,162
163,136,119
163,124,52
163,89,145
163,80,162
163,164,28
163,154,145
163,151,124
163,96,85
163,29,24
163,29,136
114,26,123
114,42,107
114,117,93
114,19,78
114,52,139
114,91,78
114,138,157
114,91,42
114,26,97
114,2,152
114,151,152
114,119,151
114,52,2
114,103,45
114,29,139
114,119,19
114,97,157
114,111,123
114,45,138
114,111,29
114,25,93
27,145,46
27,149,8
27,85,56
27,48,161
27,145,166
27,85,87
27,11,87
27,160,8
27,90,78
27,54,11
27,135,161
27,138,90
27,160,56
27,105,48
27,105,138
27,149,78
27,135,130
27,130,166
27,167,46
103,25,29
103,41,11
103,135,57
103,7,31
103,170,51
103,84,124
103,11,144
103,170,157
103,41,31
103,52,54
103,54,111
103,53,133
103,155,111
103,105,35
103,155,135
103,49,98
103,29,98
103,53,148
103,21,51
103,52,105
103,35,133
103,157,148
103,37,144
103,153,124
103,25,21
103,49,55
146,136,124
146,136,30
146,154,10
146,139,30
146,133,103
146,153,147
146,114,49
146,148,103
146,22,124
146,169,144
146,155,117
146,30,153
146,148,109
146,154,114
146,105,133
146,19,22
146,19,144
146,23,49
146,105,139
146,23,109
146,117,10
105,151,128
105,122,128
105,30,78
105,122,170
105,98,109
105,44,113
105,156,25
105,54,78
105,97,54
105,97,160
105,119,109
105,147,119
105,169,144
105,169,54
105,21,100
105,154,39
105,123,56
105,54,5
105,27,144
105,100,88
105,10,56
105,154,86
105,115,162
105,137,30
105,128,5
105,25,10
105,155,21
105,123,160
105,99,86
105,98,39
105,170,82
105,127,88
105,127,113
105,99,82
105,151,137
105,156,115
169,136,93
169,99,24
169,116,121
169,33,78
169,84,53
169,32,78
169,108,136
169,161,125
169,84,161
169,133,33
169,133,37
169,130,134
169,125,93
169,115,130
169,121,54
169,32,99
169,37,54
169,24,134
169,133,97
169,116,53
84,170,40
84,133,162
84,161,94
84,165,111
84,78,139
84,111,109
84,157,128
84,126,77
84,133,161
84,40,136
84,151,170
84,111,78
84,109,94
84,149,115
84,131,139
84,52,157
84,149,128
84,52,54
84,126,136
84,165,115
84,77,131
102,99,22
102,124,45
102,123,45
102,104,155
102,123,4
102,80,139
102,169,136
102,143,22
102,105,11
102,155,158
102,89,149
102,158,86
102,143,127
102,127,107
102,111,95
102,104,80
102,111,107
102,136,89
102,11,59
102,59,124
102,99,86
102,125,116
102,105,57
102,139,57
128,169,86
128,27,31
128,152,124
128,93,124
128,95,49
128,32,33
128,37,30
128,135,33
128,169,95
128,32,80
128,80,2
128,20,30
128,20,102
128,27,152
128,2,31
128,135,37
128,108,93
128,108,49
34,153,30
34,107,131
34,107,119
34,168,41
34,98,120
34,102,123
34,11,128
34,119,123
34,98,128
34,31,20
34,153,120
34,129,20
34,129,127
34,115,31
34,30,169
34,169,41
34,115,168
153,82,117
153,82,6
153,1,82
153,52,107
153,115,79
153,129,82
153,25,115
153,91,6
153,25,76
153,76,117
153,92,1
153,20,107
153,129,157
153,19,148
153,157,91
153,129,19
153,76,20
153,99,168
153,29,165
153,120,125
153,118,148
80,155,85
80,130,151
80,169,48
80,120,113
80,158,127
80,150,49
80,11,56
80,155,22
80,158,56
80,169,82
80,151,51
80,44,164
80,127,51
80,120,84
80,130,85
80,44,113
80,48,164
80,11,84
80,82,49
117,22,163
117,150,2
117,92,2
117,29,143
117,150,129
117,32,155
117,35,122
117,143,156
117,104,113
117,126,113
117,104,111
117,129,122
117,35,79
117,32,111
117,156,22
46,121,7
46,53,120
46,22,114
46,93,162
46,76,131
46,76,59
46,36,93
46,7,153
46,80,49
46,161,56
46,44,166
46,161,44
46,40,47
46,153,22
46,115,76
46,53,84
46,84,56
46,121,76
46,162,59
46,80,60
46,36,60
46,115,40
46,114,120
3,155,10
3,133,59
3,149,109
3,106,11
3,154,10
3,165,55
3,121,149
3,165,93
3,121,35
3,39,93
3,123,52
3,11,52
3,29,38
3,59,109
3,29,35
3,155,39
3,55,38
122,125,4
122,143,160
122,125,79
122,59,5
122,170,82
122,48,7
122,36,116
122,48,79
122,59,46
122,36,160
122,51,46
122,51,102
122,19,159
122,170,7
122,9,82
122,37,5
122,19,102
122,143,9
122,116,37
157,163,113
157,121,149
157,25,29
157,107,59
157,143,125
157,158,149
157,96,112
157,107,102
157,96,1
157,119,79
157,97,59
157,119,82
157,25,125
157,135,79
157,1,102
157,112,113
157,143,97
157,135,29
157,158,82
166,6,108
166,49,126
166,54,80
166,48,80
166,37,79
166,87,144
166,20,97
166,139,1
166,54,131
166,10,46
166,155,49
166,147,6
166,167,25
166,37,157
166,108,136
166,38,131
166,19,35
166,20,1
166,34,22
166,25,139
166,54,19
166,154,48
166,157,46
166,22,93
166,136,55
166,95,79
166,10,93
166,106,30
166,30,145
166,145,147
166,155,97
166,126,34
166,95,38
166,154,106
166,35,167
166,97,87
167,131,134
167,80,152
167,77,121
167,104,53
167,100,82
167,98,46
167,95,103
167,152,102
167,125,106
167,30,56
167,20,56
167,27,91
167,103,134
167,100,9
167,30,147
167,20,80
167,89,145
167,77,117
167,10,107
167,82,46
167,150,131
167,89,102
167,27,98
167,150,106
167,53,50
167,114,9
167,4,50
167,126,114
167,104,147
167,107,111
167,103,145
167,107,95
167,117,124
167,10,98
167,124,98
167,111,125
167,121,107
167,103,5
112,124,31
112,39,9
112,165,42
112,37,124
112,35,139
112,28,150
112,30,151
112,151,3
112,150,44
112,42,1
112,9,1
112,35,131
112,135,37
112,131,50
112,135,139
112,39,50
112,28,30
33,84,79
33,156,147
33,164,86
33,145,107
33,108,157
33,164,151
33,139,79
33,108,126
33,98,139
33,155,92
33,157,107
33,32,19
33,19,159
33,151,34
33,111,145
33,159,84
33,98,126
33,160,111
33,34,160
33,155,86
145,11,149
145,121,136
145,52,2
145,104,122
145,46,86
145,97,57
145,156,148
145,20,102
145,170,124
145,170,86
145,35,2
145,21,46
145,32,149
145,104,162
145,136,124
145,57,24
145,121,153
145,156,102
145,52,85
145,85,164
145,20,158
145,35,11
145,21,162
145,7,97
145,148,7
145,32,153
31,165,102
31,99,2
31,97,169
31,169,84
31,127,6
31,127,53
31,100,2
31,105,1
31,119,1
31,52,116
31,165,99
31,119,125
31,100,116
31,105,84
31,128,125
31,163,128
31,34,55
31,52,97
31,53,102
31,152,6
11,10,144
11,6,76
11,55,82
11,42,76
11,137,36
11,38,126
11,107,55
11,42,82
11,27,126
11,49,92
11,137,10
11,112,30
11,112,37
11,92,30
11,37,144
11,49,6
11,27,107
11,36,128
98,20,91
98,168,109
98,145,19
98,130,27
98,154,148
98,93,57
98,157,120
98,168,93
98,27,3
98,148,3
98,19,154
98,20,39
98,96,157
98,120,147
98,39,96
98,130,147
98,145,109
98,170,57
98,91,140
116,52,60
116,117,49
116,53,108
116,40,160
116,6,60
116,118,127
116,21,127
116,40,138
116,45,131
116,108,153
116,25,42
116,117,37
116,160,152
116,54,86
116,21,124
116,33,49
116,138,131
116,118,152
116,52,53
116,29,47
116,29,6
116,54,46
116,131,86
116,118,2
116,10,153
116,92,93
116,20,55
116,2,93
116,55,131
116,47,165
116,92,6
116,118,42
116,37,6
116,33,124
1002,164,46
1002,124,101
1002,167,124
1002,169,86
1002,59,8
1002,119,109
1002,169,54
1002,86,128
1002,23,46
1002,49,8
1002,49,87
1002,125,109
1002,147,125
1002,93,128
1002,147,93
1002,167,87
1002,23,59
1002,54,101
1002,119,131
92,94,127
92,32,79
92,150,149
92,89,91
92,53,106
92,79,1
92,32,57
92,143,45
92,122,80
92,106,87
92,150,87
92,94,4
92,53,122
92,9,93
92,27,93
92,20,93
92,10,79
92,21,34
92,91,79
92,20,128
92,9,57
92,27,21
92,34,4
92,80,1
52,118,37
52,97,124
52,111,152
52,166,143
52,85,128
52,26,1
52,24,124
52,156,1
52,36,76
52,156,167
52,118,145
52,90,152
52,26,143
52,24,36
52,145,111
52,97,166
52,37,128
52,167,85
52,150,90
45,52,28
45,35,102
45,119,140
45,22,140
45,53,124
45,103,128
45,22,125
45,88,109
45,120,166
45,97,88
45,53,52
45,100,111
45,120,124
45,35,125
45,104,28
45,100,103
45,102,109
45,111,119
45,166,128
25,52,150
25,170,56
25,108,23
25,167,9
25,143,9
25,20,31
25,119,87
25,150,50
25,119,59
25,20,55
25,42,49
25,108,164
25,162,60
25,98,167
25,47,153
25,167,22
25,111,23
25,52,143
25,140,153
25,42,116
25,53,167
25,140,111
25,170,113
25,165,56
25,55,46
25,46,85
25,165,48
25,84,162
25,98,116
25,59,1
25,52,85
25,84,22
25,52,164
25,48,23
25,49,113
25,47,1
25,23,50
130,19,157
130,91,10
130,91,158
130,50,102
130,99,87
130,99,144
130,30,157
130,42,156
130,33,42
130,3,50
130,151,162
130,79,3
130,33,144
130,162,79
130,87,102
130,158,30
125,136,44
125,105,31
125,121,131
125,35,129
125,117,153
125,165,157
125,23,101
125,49,158
125,59,44
125,136,111
125,111,158
125,145,101
125,39,57
125,133,145
125,154,93
125,20,51
125,76,163
125,105,46
125,76,57
125,77,130
125,108,35
125,130,165
125,154,138
125,96,49
125,133,45
125,138,153
125,166,39
125,108,56
125,23,163
125,94,117
125,96,57
125,77,93
125,130,57
125,129,130
125,31,131
125,46,56
125,121,51
125,157,166
32,105,89
32,79,82
32,98,152
32,10,82
32,159,79
32,41,60
32,94,4
32,94,151
32,119,41
32,4,42
32,98,123
32,10,2
32,151,148
32,95,90
32,19,60
32,152,114
32,89,114
32,148,2
32,123,159
121,165,112
121,108,44
121,157,3
121,108,100
121,23,112
121,100,145
121,82,39
121,145,54
121,150,118
121,147,149
121,48,25
121,118,44
121,23,39
121,149,52
121,52,165
121,147,25
121,82,54
121,157,2
121,150,2
162,108,143
162,159,108
162,21,2
162,111,59
162,20,143
162,111,2
162,20,113
162,97,48
162,29,135
162,148,4
162,159,4
162,135,40
162,130,124
162,59,124
162,130,40
162,48,123
162,97,22
162,123,113
162,148,21
26,28,150
26,154,123
26,127,135
26,6,8
26,123,159
26,31,3
26,127,86
26,107,31
26,6,23
26,89,154
26,122,107
26,3,101
26,24,166
26,10,4
26,80,8
26,23,135
26,122,4
26,24,150
26,80,89
26,156,159
148,131,82
148,156,159
148,82,159
148,1,50
148,89,51
148,121,9
148,9,7
148,131,101
148,152,101
148,31,95
148,161,153
148,121,153
148,78,88
148,88,50
148,156,8
148,51,1
148,95,7
148,89,8
148,31,152
77,79,78
77,151,107
77,107,152
77,89,59
77,36,96
77,134,8
77,122,95
77,156,122
77,29,145
77,157,147
77,42,151
77,42,156
77,36,56
77,157,96
77,95,78
77,29,152
77,121,89
77,103,56
77,147,59
77,121,79
123,116,144
123,148,136
123,60,144
123,165,125
123,148,60
123,153,47
123,104,22
123,50,5
123,156,136
123,22,5
123,104,1
123,165,11
123,11,155
123,111,116
123,111,125
123,155,153
129,109,87
129,137,21
129,155,7
129,30,111
129,116,3
129,116,158
129,159,7
129,155,2
129,39,56
129,4,44
129,44,87
129,21,109
129,20,56
129,158,39
129,30,10
129,4,10
129,2,5
129,3,137
129,20,5
35,51,154
35,124,47
35,159,21
35,134,21
35,52,47
35,159,45
35,19,137
35,28,116
35,170,120
35,125,55
35,134,88
35,30,93
35,130,103
35,1,56
35,155,49
35,76,152
35,91,103
35,127,94
35,117,53
35,145,22
35,120,169
35,53,155
35,22,44
35,28,76
35,38,117
35,49,30
35,30,93
35,77,80
35,84,159
35,49,158
35,49,52
35,46,111
35,112,120
35,77,137
35,52,98
35,147,36
35,161,57
35,120,91
35,82,128
35,148,94
35,119,164
35,151,137
35,128,90
35,91,82
35,47,30
35,23,134
35,139,127
35,89,23
35,93,77
35,120,160
35,159,55
35,56,138
35,49,120
35,93,130
35,30,28
35,158,148
35,40,131
35,80,29
35,49,30
35,90,77
35,115,86
35,161,164
35,40,29
35,111,25
35,88,144
35,112,40
35,94,25
35,119,131
35,29,84
35,144,48
35,25,38
35,139,112
35,8,91
35,125,107
35,131,115
35,103,124
35,19,46
35,133,28
35,112,1
35,119,109
35,98,89
35,39,8
35,25,1
35,48,125
35,115,39
35,134,86
35,116,154
35,109,112
35,19,130
35,154,140
35,125,40
35,160,147
35,140,39
35,29,82
35,28,143
35,152,145
35,94,133
35,127,57
35,138,28
35,97,51
35,44,105
35,1,131
35,49,143
35,107,143
35,47,97
35,82,49
35,154,52
35,143,151
35,91,19
35,105,170
119,116,157
119,20,152
119,28,90
119,76,8
119,135,20
119,154,166
119,28,133
119,8,152
119,157,53
119,1,19
119,166,88
119,19,145
119,154,157
119,1,3
119,133,145
119,168,135
119,80,124
119,53,3
119,124,1
119,80,167
119,167,88
119,76,116
57,11,165
57,3,162
57,34,162
57,167,9
57,48,165
57,11,53
57,32,3
57,145,140
57,32,8
57,169,9
57,145,119
57,10,53
57,35,8
57,119,35
57,34,7
57,151,140
57,29,7
57,48,167
57,169,29
97,149,166
97,117,6
97,143,166
97,24,120
97,105,57
97,164,3
97,36,45
97,35,162
97,164,57
97,27,120
97,105,45
97,35,143
97,36,42
97,24,7
97,27,158
97,158,3
97,117,162
138,130,149
138,84,149
138,53,78
138,155,57
138,130,117
138,158,131
138,167,88
138,96,158
138,170,78
138,85,127
138,85,167
138,160,117
138,82,131
138,155,53
138,160,82
138,143,57
138,143,127
138,84,88
94,156,143
94,156,5
94,85,93
94,124,168
94,150,108
94,46,50
94,22,56
94,161,5
94,161,9
94,20,22
94,162,166
94,124,143
94,53,108
94,20,168
94,151,53
94,9,166
94,151,56
94,46,150
94,50,85
1003,123,27
1003,126,27
1003,10,126
1003,160,48
1003,34,59
1003,123,59
118,29,116
118,105,163
118,116,90
118,166,159
118,49,144
118,140,144
118,169,30
118,98,148
118,49,131
118,169,90
118,36,42
118,29,55
118,155,95
118,155,98
118,95,166
118,36,159
118,140,44
118,42,55
131,115,44
131,102,59
131,29,48
131,54,169
131,48,153
131,122,86
131,85,102
131,150,104
131,85,54
131,153,113
131,159,59
131,90,125
131,90,104
131,29,86
131,138,28
131,138,1
131,169,113
131,150,159
131,128,1
131,28,125
54,104,5
54,107,53
54,55,129
54,131,56
54,115,128
54,53,56
54,151,125
54,151,23
54,53,6
54,129,145
54,48,5
54,19,89
54,57,80
54,89,7
54,115,125
54,29,97
54,97,134
54,169,29
54,169,90
54,115,23
54,115,7
54,53,92
54,23,112
54,57,6
54,23,145
54,80,112
54,20,131
54,92,104
161,28,127
161,40,162
161,122,152
161,104,44
161,40,113
161,131,10
161,106,122
161,153,162
161,28,157
161,11,127
161,150,104
161,152,131
161,153,111
161,11,10
161,157,111
161,150,106
161,160,159
161,159,113
161,160,118
135,150,120
135,108,39
135,155,144
135,108,26
135,108,144
135,138,133
135,155,50
135,154,87
135,159,153
135,31,87
135,167,56
135,26,78
135,130,40
135,138,120
135,32,164
135,136,39
135,159,144
135,150,153
135,164,50
135,108,31
135,78,85
135,130,144
135,136,56
111,165,106
111,59,93
111,124,101
111,47,5
111,36,9
111,165,153
111,5,128
111,153,11
111,45,103
111,120,82
111,45,124
111,36,59
111,82,93
111,1,56
111,1,116
111,11,101
111,116,103
111,128,56
111,47,9
41,95,100
41,80,82
41,34,57
41,111,50
41,137,122
41,76,89
41,42,137
41,167,144
41,76,23
41,145,23
41,21,90
41,89,104
41,50,87
41,91,56
41,147,50
41,76,90
41,111,39
41,104,143
41,38,50
41,167,34
41,55,119
41,39,144
41,36,56
41,119,154
41,145,147
41,36,48
41,91,42
41,48,21
41,143,55
41,154,82
41,136,129
41,129,95
41,163,87
41,80,100
41,136,26
44,154,164
44,168,26
44,84,33
44,147,55
44,159,115
44,28,60
44,147,133
44,99,27
44,46,51
44,121,87
44,84,103
44,164,168
44,133,60
44,55,93
44,46,60
44,155,60
44,26,133
44,145,154
44,33,147
44,119,93
44,115,113
44,111,8
44,119,79
44,28,103
44,145,79
44,46,155
44,78,1
44,3,87
44,52,51
44,133,3
44,78,8
44,92,113
44,99,112
44,121,112
44,46,98
44,27,111
6,90,23
6,100,90
6,117,158
6,117,51
6,94,123
6,84,153
6,111,23
6,100,158
6,94,98
6,98,148
6,36,35
6,125,36
6,35,123
6,125,154
6,148,153
6,51,154
1,24,155
1,164,87
1,100,168
1,90,60
1,20,121
1,147,153
1,108,165
1,126,90
1,37,26
1,165,35
1,155,42
1,77,140
1,46,55
1,23,60
1,140,25
1,109,7
1,11,7
1,119,80
1,54,122
1,164,115
1,87,102
1,7,102
1,128,122
1,23,25
1,42,158
1,80,51
1,26,100
1,152,37
1,78,42
1,168,20
1,115,54
1,121,46
1,153,24
1,4,9
1,35,84
1,20,126
1,84,78
1,25,147
1,25,29
1,23,86
1,89,46
1,20,84
1,42,126
1,126,115
1,33,89
1,55,157
1,46,143
1,158,152
1,88,11
1,7,108
1,33,86
1,23,9
1,54,157
1,29,109
1,143,119
136,80,23
136,123,79
136,143,120
136,44,80
136,116,149
136,7,145
136,44,143
136,3,101
136,45,120
136,92,22
136,169,145
136,23,3
136,45,7
136,149,30
136,169,116
136,123,101
136,25,79
39,156,46
39,24,90
39,156,6
39,145,109
39,28,145
39,95,41
39,151,31
39,5,102
39,89,25
39,154,26
39,134,102
39,46,10
39,51,49
39,10,44
39,40,51
39,26,168
39,126,94
39,25,95
39,121,170
39,154,94
39,91,59
39,94,49
39,154,148
39,91,168
39,134,109
39,170,94
39,31,3
39,148,90
39,126,89
39,160,154
39,44,152
39,156,59
39,156,40
39,151,121
39,24,5
39,20,3
39,152,120
39,160,41
108,95,170
108,42,119
108,161,167
108,104,57
108,92,119
108,167,111
108,165,155
108,160,111
108,155,95
108,169,161
108,165,104
108,42,57
108,169,118
108,170,50
108,115,162
108,160,50
108,92,55
155,117,122
155,36,129
155,167,59
155,148,128
155,23,124
155,46,3
155,19,128
155,135,117
155,108,167
155,19,122
155,36,46
155,161,28
155,55,34
155,148,129
155,34,3
155,161,59
155,135,124
155,108,23
93,1,23
93,26,42
93,77,33
93,24,140
93,162,3
93,55,155
93,151,91
93,22,29
93,42,149
93,168,131
93,162,167
93,9,91
93,55,32
93,131,57
93,39,155
93,137,29
93,53,106
93,50,148
93,22,33
93,162,7
93,168,9
93,148,77
93,55,164
93,151,23
93,164,149
139,92,44
139,145,6
139,29,21
139,28,23
139,11,126
139,164,113
139,149,51
139,85,50
139,47,22
139,44,56
139,4,50
139,23,149
139,100,44
139,165,28
139,170,90
139,147,51
139,107,90
139,97,114
139,29,105
139,155,148
139,47,5
139,121,148
139,79,8
139,150,4
139,25,79
139,85,6
139,170,8
139,126,105
139,92,164
139,155,145
139,165,5
139,84,121
139,11,22
139,150,56
139,97,113
139,147,44
8,27,51
8,125,57
8,29,101
8,40,6
8,153,39
8,118,51
8,46,125
8,46,6
8,112,1
8,90,57
8,20,106
8,116,1
8,29,39
8,40,116
8,27,101
8,153,112
8,47,20
8,47,118
154,166,164
154,129,7
154,116,158
154,28,125
154,166,124
154,123,50
154,156,94
154,123,38
154,116,164
154,129,125
154,34,157
154,7,95
154,34,120
154,124,126
154,156,38
154,157,158
154,94,126
154,122,120
154,28,122
20,117,50
20,19,117
20,139,56
20,88,30
20,91,51
20,120,85
20,116,159
20,122,19
20,91,152
20,169,159
20,51,120
20,114,90
20,169,36
20,27,152
20,85,114
20,122,90
20,38,50
20,88,36
20,53,27
20,116,38
20,144,56
49,168,123
49,77,1
49,151,139
49,2,93
49,151,77
49,131,93
49,122,131
49,126,48
49,168,139
49,2,57
49,126,3
49,99,45
49,99,48
49,116,4
49,119,162
49,162,1
49,122,4
49,119,45
49,3,57
143,153,167
143,96,105
143,33,8
143,33,6
143,140,6
143,39,130
143,77,130
143,31,152
143,77,145
143,39,5
143,145,139
143,105,115
143,96,152
143,153,79
143,139,140
143,115,8
143,167,162
151,126,8
151,117,155
151,106,107
151,106,143
151,125,8
151,161,123
151,161,102
151,126,135
151,25,123
151,155,114
151,135,121
151,29,56
151,143,102
151,25,56
151,85,114
151,121,117
151,107,22
85,102,126
85,98,125
85,80,3
85,46,169
85,158,5
85,130,102
85,1,31
85,131,167
85,35,42
85,119,27
85,35,80
85,99,105
85,33,90
85,42,31
85,91,37
85,115,41
85,133,49
85,163,136
85,46,27
85,105,147
85,32,134
85,167,125
85,44,41
85,129,134
85,136,6
85,153,107
85,115,135
85,47,79
85,1,82
85,131,8
85,162,144
85,76,6
85,53,169
85,139,119
85,118,44
85,128,8
85,100,162
85,138,1
85,91,90
85,133,107
85,129,139
85,147,82
85,154,1
85,154,162
85,127,3
85,54,44
85,37,128
85,98,167
85,167,31
85,54,153
85,107,3
85,138,42
85,76,31
85,153,162
85,76,138
85,150,98
85,169,118
85,33,100
85,99,117
85,127,53
85,42,38
85,166,138
85,153,163
85,46,26
85,158,49
85,138,76
85,26,38
85,169,60
85,138,60
85,32,79
85,158,46
85,3,158
85,126,150
133,116,1
133,157,55
133,91,56
133,116,124
133,31,7
133,163,124
133,80,79
133,145,125
133,157,4
133,32,60
133,31,163
133,6,56
133,116,7
133,23,57
133,4,60
133,1,23
133,170,35
133,79,124
133,6,57
133,145,124
133,91,55
133,32,170
91,82,148
91,33,19
91,127,88
91,158,152
91,95,19
91,157,112
91,166,76
91,37,102
91,168,112
91,34,106
91,165,37
91,165,127
91,135,102
91,6,90
91,135,34
91,131,48
91,150,106
91,33,158
91,157,144
91,31,95
91,85,144
91,119,2
91,119,90
91,148,76
91,112,88
91,53,90
91,131,166
91,85,152
91,112,90
91,82,168
91,53,48
124,37,107
124,123,56
124,156,38
124,108,4
124,157,39
124,92,39
124,147,114
124,163,4
124,92,107
124,37,56
124,168,147
124,123,168
124,6,59
124,152,114
124,156,6
124,163,59
124,108,122
124,165,122
124,157,38
53,144,160
53,168,133
53,155,4
53,164,140
53,47,92
53,135,136
53,155,164
53,86,78
53,28,47
53,45,162
53,157,51
53,164,162
53,150,136
53,151,4
53,46,163
53,45,127
53,76,160
53,28,86
53,10,163
53,117,143
53,144,78
53,164,20
53,10,133
53,117,51
53,150,127
53,10,157
53,140,92
104,20,152
104,20,50
104,159,169
104,164,50
104,149,46
104,19,27
104,137,82
104,4,112
104,21,113
104,150,123
104,19,56
104,24,84
104,97,21
104,156,84
104,85,139
104,28,39
104,3,45
104,97,123
104,4,6
104,42,140
104,137,113
104,150,85
104,154,158
104,50,126
104,82,56
104,169,164
104,97,6
104,150,154
104,167,30
104,27,39
104,139,140
141,106,57
141,39,59
141,32,96
141,123,91
141,103,39
141,100,101
141,23,85
141,32,91
141,2,101
141,100,59
141,93,106
141,96,103
141,23,57
141,80,145
141,123,157
141,123,157
141,145,93
141,160,80
2,139,107
2,97,145
2,92,149
2,121,44
2,137,22
2,143,92
2,48,109
2,80,4
2,11,45
2,80,95
2,129,120
2,123,54
2,97,26
2,151,154
2,22,57
2,159,149
2,11,143
2,169,87
2,21,162
2,21,29
2,136,94
2,135,22
2,44,159
2,135,4
2,143,7
2,139,123
2,42,1
2,156,148
2,94,22
2,157,78
2,105,148
2,84,120
2,161,54
2,36,35
2,112,57
2,107,162
2,139,162
2,99,37
2,139,101
2,94,107
2,135,162
2,45,154
2,23,54
2,133,159
2,48,122
2,35,7
2,34,101
2,154,145
2,154,129
2,133,80
2,105,86
2,32,150
2,36,109
2,21,159
2,11,22
150,160,4
150,44,45
150,23,34
150,47,37
150,140,133
150,107,109
150,160,23
150,140,107
150,31,87
150,159,45
150,31,158
150,44,37
150,47,92
150,158,109
150,4,101
150,159,102
150,166,34
150,87,101
150,166,102
127,111,109
127,115,45
127,27,88
127,139,38
127,145,30
127,45,10
127,137,144
127,115,166
127,139,20
127,163,56
127,53,76
127,38,57
127,128,6
127,112,10
127,93,6
127,27,5
127,115,167
127,112,106
127,85,56
127,155,167
127,85,90
127,155,126
127,42,101
127,163,111
127,147,126
127,170,145
127,76,109
127,128,123
127,52,33
127,92,166
127,137,170
127,31,20
127,155,53
127,88,57
127,52,129
127,53,148
127,31,106
127,46,93
127,53,115
127,24,23
127,129,5
127,138,147
127,138,123
127,24,92
127,4,101
127,4,148
127,144,46
127,155,30
82,126,60
82,60,150
82,85,89
82,25,120
82,87,56
82,99,5
82,107,51
82,87,128
82,29,147
82,168,51
82,50,56
82,126,138
82,128,138
82,150,5
82,139,147
82,29,85
82,139,50
82,99,168
82,89,120
159,60,116
159,93,116
159,155,50
159,94,117
159,95,101
159,26,112
159,54,30
159,170,148
159,136,29
159,167,9
159,1,129
159,23,37
159,122,128
159,29,60
159,59,101
159,148,48
159,91,30
159,107,54
159,127,170
159,77,127
159,96,2
159,99,53
159,39,57
159,95,151
159,167,136
159,46,9
159,23,129
159,117,41
159,117,57
159,46,24
159,154,165
159,168,89
159,165,151
159,91,129
159,24,37
159,89,39
159,165,122
159,47,60
159,26,100
159,154,155
159,52,94
159,112,89
159,168,50
159,96,107
159,99,77
159,165,103
159,89,1
159,93,128
159,94,60
159,52,117
159,47,117
159,140,100
159,41,129
147,150,107
147,89,121
147,168,59
147,129,127
147,46,159
147,129,151
147,105,60
147,117,159
147,47,150
147,105,59
147,107,30
147,151,46
147,121,47
147,117,168
147,89,125
147,42,127
147,30,60
147,42,5
51,24,128
51,98,128
51,170,80
51,137,136
51,143,57
51,131,47
51,137,57
51,156,136
51,105,46
51,46,96
51,170,162
51,24,143
51,20,144
51,131,96
51,20,162
51,88,111
51,98,80
51,156,111
51,105,88
28,139,125
28,156,101
28,129,41
28,163,30
28,134,80
28,111,144
28,112,87
28,1,128
28,169,127
28,21,10
28,112,44
28,21,30
28,6,5
28,125,6
28,77,86
28,29,140
28,97,127
28,144,5
28,44,163
28,1,139
28,10,109
28,80,113
28,29,22
28,29,86
28,140,95
28,169,153
28,134,101
28,99,128
28,77,50
28,119,129
28,29,111
28,119,153
28,156,99
28,97,87
107,102,113
107,44,106
107,85,92
107,122,106
107,145,39
107,154,113
107,122,7
107,44,162
107,149,57
107,160,153
107,165,76
107,4,102
107,85,134
107,49,8
107,165,49
107,145,95
107,154,79
107,21,7
107,145,4
107,134,113
107,145,160
107,170,101
107,79,101
43,108,138
43,98,19
43,19,11
43,26,164
43,123,130
43,104,25
43,124,4
43,112,5
43,108,99
43,131,144
43,137,109
43,130,164
43,11,23
43,40,144
43,25,138
43,42,104
43,116,158
43,92,158
43,118,145
43,137,164
43,145,112
43,26,86
43,167,131
43,85,40
43,136,59
43,86,109
43,118,30
43,153,99
43,127,153
43,85,92
43,92,109
43,4,109
43,59,124
43,42,164
43,92,98
43,136,167
43,127,5
48,49,34
48,145,161
48,10,104
48,136,86
48,96,143
48,47,109
48,96,114
48,145,56
48,154,2
48,136,87
48,143,86
48,4,109
48,139,47
48,102,87
48,10,77
48,139,56
48,2,77
48,114,4
48,84,49
48,84,117
78,158,121
78,34,6
78,21,6
78,105,106
78,47,128
78,104,21
78,30,36
78,167,5
78,34,41
78,105,104
78,143,128
78,36,139
78,153,92
78,121,106
78,86,5
78,158,143
78,41,153
78,92,139
78,30,86
170,151,109
170,150,102
170,28,34
170,130,150
170,99,2
170,145,112
170,151,139
170,145,99
170,19,82
170,139,56
170,31,34
170,33,109
170,2,28
170,19,102
170,166,82
170,98,166
170,130,112
40,89,88
40,165,107
40,28,79
40,107,102
40,91,47
40,21,91
40,10,89
40,165,162
40,27,127
40,88,79
40,21,134
40,10,112
40,47,28
40,160,124
40,134,124
40,133,162
40,133,127
40,27,112
134,164,5
134,108,93
134,79,5
134,112,120
134,112,57
134,108,57
134,169,161
134,153,7
134,135,84
134,40,113
134,164,113
134,169,7
134,161,93
134,151,153
134,137,41
134,151,79
134,41,84
134,135,40
134,137,170
149,96,57
149,59,148
149,127,48
149,90,59
149,8,32
149,166,112
149,148,79
149,113,85
149,107,57
149,48,158
149,168,152
149,152,8
149,86,144
149,10,155
149,25,9
149,32,139
149,139,137
149,108,112
149,88,86
149,79,168
149,86,113
149,158,2
149,1,11
149,126,127
149,156,166
149,137,25
149,11,92
149,107,88
149,10,1
149,92,123
149,9,126
149,155,147
149,145,147
149,108,144
149,159,123
149,145,156
149,126,159
149,85,90
165,19,112
165,53,117
165,105,144
165,145,144
165,40,90
165,154,57
165,52,30
165,30,3
165,112,113
165,161,3
165,143,113
165,118,154
165,11,27
165,11,82
165,143,112
165,40,91
165,19,161
165,53,102
165,118,82
165,10,52
165,143,127
165,27,21
165,103,128
165,100,8
165,79,90
165,128,90
165,117,145
165,138,103
165,91,57
165,98,79
165,90,8
165,21,10
165,98,93
165,76,118
165,127,93
165,105,112
137,106,148
137,155,49
137,36,136
137,95,140
137,49,41
137,11,47
137,155,153
137,40,148
137,89,87
137,92,127
137,9,54
137,127,152
137,22,49
137,20,11
137,92,36
137,2,113
137,26,113
137,135,152
137,153,5
137,55,41
137,25,4
137,103,9
137,54,2
137,25,5
137,136,95
137,45,20
137,102,157
137,87,49
137,45,55
137,103,47
137,157,86
137,40,157
137,25,102
137,89,135
137,167,4
137,167,157
4,160,134
4,126,138
4,11,47
4,48,152
4,143,152
4,23,122
4,77,121
4,57,149
4,126,46
4,121,36
4,134,48
4,10,160
4,36,55
4,55,149
4,46,11
4,143,122
4,23,138
4,10,57
36,20,162
36,25,136
36,44,128
36,88,89
36,135,7
36,130,163
36,25,1
36,135,88
36,7,44
36,163,50
36,84,89
36,115,1
36,97,59
36,156,149
36,84,115
36,162,50
36,136,20
36,149,59
36,130,97
37,129,101
37,165,128
37,21,150
37,165,147
37,27,147
37,129,151
37,23,137
37,11,23
37,36,88
37,167,86
37,10,169
37,137,101
37,10,150
37,169,124
37,36,21
37,35,27
37,11,167
37,151,124
37,88,128
101,138,124
101,53,116
101,159,3
101,36,3
101,105,30
101,138,126
101,139,164
101,97,100
101,130,152
101,36,114
101,126,35
101,130,139
101,30,90
101,105,92
101,53,33
101,97,35
101,92,85
101,159,164
101,124,152
5,158,59
5,114,9
5,151,30
5,33,131
5,125,103
5,150,152
5,9,125
5,77,157
5,170,157
5,137,139
5,7,139
5,36,34
5,156,95
5,51,49
5,27,28
5,47,27
5,125,1
5,52,9
5,118,103
5,137,128
5,116,114
5,170,127
5,152,33
5,99,165
5,9,7
5,123,116
5,26,152
5,127,107
5,100,128
5,136,36
5,37,30
5,103,134
5,115,118
5,49,158
5,4,99
5,7,1
5,30,26
5,34,30
5,51,6
5,165,162
5,33,123
5,87,93
5,77,22
5,47,59
5,125,103
5,30,156
5,93,30
5,100,150
5,7,4
5,134,37
5,136,33
5,28,52
106,19,10
106,11,85
106,107,123
106,105,32
106,85,55
106,28,126
106,164,145
106,19,123
106,157,38
106,48,55
106,1,93
106,105,48
106,32,1
106,10,95
106,38,95
106,28,7
106,157,126
106,145,11
106,7,93
