"Judge","Candidate.Chosen","Candidate.Not.Chosen","Time.Taken","Internal","Date.Created"
2001,77,49,86,TRUE,"09/08/2017 10:00"
2001,87,270,60.4,TRUE,"01/08/2017 15:22"
2001,308,179,40.2,TRUE,"01/08/2017 15:31"
2001,314,347,8.4,TRUE,"03/08/2017 15:36"
2001,344,120,48.1,TRUE,"09/08/2017 09:50"
2001,152,139,78.5,TRUE,"03/08/2017 15:26"
2001,61,243,67.2,TRUE,"09/08/2017 09:40"
2001,92,142,101.3,TRUE,"01/08/2017 15:30"
2001,316,211,86.6,TRUE,"04/08/2017 14:43"
2001,62,96,151.9,TRUE,"04/08/2017 14:35"
2001,193,308,155.6,TRUE,"09/08/2017 09:16"
2001,186,99,96.2,TRUE,"01/08/2017 15:37"
2001,266,198,126.8,TRUE,"09/08/2017 08:51"
2001,155,226,123.9,TRUE,"09/08/2017 08:45"
2001,349,289,89.3,TRUE,"09/08/2017 09:52"
2001,139,27,14.1,TRUE,"09/08/2017 08:57"
2001,37,135,59.6,TRUE,"01/08/2017 15:41"
2001,72,371,64.4,TRUE,"09/08/2017 09:44"
2001,317,332,5.7,TRUE,"09/08/2017 09:52"
2001,122,229,4.9,TRUE,"04/08/2017 14:39"
2001,62,152,57.5,TRUE,"04/08/2017 14:31"
2001,256,30,235.5,TRUE,"03/08/2017 15:30"
2001,115,128,47.3,TRUE,"09/08/2017 09:04"
2001,300,72,89.6,TRUE,"01/08/2017 15:28"
2001,350,215,77.6,TRUE,"09/08/2017 09:59"
2001,70,206,39.9,TRUE,"09/08/2017 10:05"
2001,65,170,4.7,TRUE,"09/08/2017 09:38"
2001,6,263,64.7,TRUE,"09/08/2017 09:39"
2001,308,184,5.6,TRUE,"04/08/2017 14:30"
2001,200,170,127.6,TRUE,"04/08/2017 14:45"
2001,163,166,86.6,TRUE,"04/08/2017 14:41"
2001,155,272,100.7,TRUE,"09/08/2017 10:03"
2001,361,45,46.5,TRUE,"03/08/2017 15:18"
2001,338,247,79.4,TRUE,"09/08/2017 09:42"
2001,21,274,188.3,TRUE,"09/08/2017 09:28"
2001,203,126,53.8,TRUE,"01/08/2017 15:40"
2001,361,258,90.6,TRUE,"09/08/2017 09:30"
2001,144,246,4.7,TRUE,"09/08/2017 10:05"
2001,253,160,87.7,TRUE,"09/08/2017 09:18"
2001,81,372,84,TRUE,"09/08/2017 09:45"
2001,259,279,115.1,TRUE,"01/08/2017 15:33"
2001,333,121,45.2,TRUE,"09/08/2017 10:01"
2001,309,200,84.8,TRUE,"04/08/2017 14:46"
2001,227,66,138.7,TRUE,"09/08/2017 08:53"
2001,80,5,89.6,TRUE,"01/08/2017 15:24"
2001,307,135,93.4,TRUE,"04/08/2017 14:32"
2001,186,26,39.3,TRUE,"04/08/2017 14:27"
2001,365,89,98.4,TRUE,"01/08/2017 15:39"
2001,106,227,121.5,TRUE,"03/08/2017 15:20"
2001,277,288,5.3,TRUE,"09/08/2017 10:00"
2001,328,138,68.2,TRUE,"09/08/2017 09:31"
2001,333,12,181.3,TRUE,"01/08/2017 15:27"
2001,160,315,136.8,TRUE,"03/08/2017 15:22"
2001,240,34,158.6,TRUE,"01/08/2017 15:36"
2001,72,51,28.9,TRUE,"04/08/2017 14:25"
2001,228,26,53,TRUE,"04/08/2017 14:25"
2001,34,70,101,TRUE,"09/08/2017 09:47"
2001,186,226,65,TRUE,"09/08/2017 09:54"
2001,276,290,29.2,TRUE,"09/08/2017 09:03"
2001,228,317,21.3,TRUE,"04/08/2017 14:11"
2001,358,190,158.7,TRUE,"04/08/2017 15:37"
2001,11,14,35,TRUE,"01/08/2017 15:21"
2001,100,178,58.7,TRUE,"04/08/2017 14:19"
2001,163,249,44.1,TRUE,"09/08/2017 09:41"
2001,46,108,16.9,TRUE,"03/08/2017 15:42"
2001,32,91,81.8,TRUE,"04/08/2017 14:27"
2001,43,36,67.2,TRUE,"09/08/2017 09:34"
2001,92,165,6.8,TRUE,"09/08/2017 09:56"
2001,105,249,138.3,TRUE,"04/08/2017 14:30"
2001,251,228,135.7,TRUE,"09/08/2017 09:49"
2001,314,153,409.6,TRUE,"04/08/2017 14:18"
2001,12,368,71.5,TRUE,"09/08/2017 08:49"
2001,46,45,102.9,TRUE,"04/08/2017 15:39"
2001,194,166,111.6,TRUE,"09/08/2017 09:01"
2001,337,227,91.3,TRUE,"04/08/2017 15:42"
2001,333,313,68.5,TRUE,"04/08/2017 14:40"
2001,38,99,88.7,TRUE,"09/08/2017 09:56"
2001,142,121,74.6,TRUE,"09/08/2017 08:47"
2001,96,237,96.3,TRUE,"09/08/2017 10:04"
2001,273,190,84.1,TRUE,"09/08/2017 09:03"
2001,193,321,10.1,TRUE,"01/08/2017 15:24"
2001,352,91,89.8,TRUE,"09/08/2017 09:25"
2001,368,36,153.6,TRUE,"03/08/2017 15:38"
2001,171,83,201.9,TRUE,"09/08/2017 09:24"
2001,335,303,66.8,TRUE,"09/08/2017 09:35"
2001,141,192,51.7,TRUE,"09/08/2017 09:13"
2001,77,372,101.4,TRUE,"03/08/2017 15:42"
2001,350,233,53.2,TRUE,"09/08/2017 09:52"
2001,204,293,43.5,TRUE,"09/08/2017 09:57"
2001,187,80,126.6,TRUE,"04/08/2017 14:11"
2001,83,129,95.3,TRUE,"09/08/2017 08:56"
2001,163,102,130.8,TRUE,"04/08/2017 14:37"
2001,215,335,90.5,TRUE,"04/08/2017 14:39"
2001,196,270,43.1,TRUE,"09/08/2017 09:54"
2001,122,349,61.5,TRUE,"09/08/2017 09:58"
2001,250,224,64.6,TRUE,"09/08/2017 09:14"
2001,87,62,78.7,TRUE,"09/08/2017 08:58"
2001,316,82,26.1,TRUE,"03/08/2017 15:26"
2001,2,159,86.5,TRUE,"01/08/2017 15:42"
2001,134,154,168.1,TRUE,"03/08/2017 15:36"
2001,350,367,81.7,TRUE,"04/08/2017 14:24"
2001,60,108,7.5,TRUE,"03/08/2017 15:18"
2001,169,295,113.4,TRUE,"01/08/2017 15:20"
2001,309,30,101.5,TRUE,"09/08/2017 08:55"
2001,224,289,103.8,TRUE,"09/08/2017 09:00"
2001,233,93,97.7,TRUE,"09/08/2017 10:10"
2001,62,156,11.1,TRUE,"04/08/2017 14:37"
2001,172,139,46.5,TRUE,"09/08/2017 08:46"
2001,57,135,36.1,TRUE,"01/08/2017 15:21"
2001,313,246,9,TRUE,"01/08/2017 15:31"
2001,249,320,152.6,TRUE,"09/08/2017 09:20"
2001,365,70,126,TRUE,"03/08/2017 15:44"
2001,32,164,144.3,TRUE,"03/08/2017 15:24"
2001,130,222,93.5,TRUE,"03/08/2017 15:40"
2001,365,258,225.6,TRUE,"04/08/2017 14:23"
2001,339,137,102.6,TRUE,"09/08/2017 09:33"
2001,190,246,6.6,TRUE,"01/08/2017 15:31"
2001,358,279,30.6,TRUE,"09/08/2017 09:43"
2001,251,64,120.5,TRUE,"04/08/2017 15:41"
2010,49,351,12,TRUE,"02/08/2017 11:07"
2010,338,107,88.9,TRUE,"31/07/2017 14:56"
2010,171,123,162.9,TRUE,"31/07/2017 15:22"
2010,97,115,99.3,TRUE,"27/07/2017 13:23"
2010,120,371,486.7,TRUE,"31/07/2017 14:52"
2010,302,188,95.3,TRUE,"02/08/2017 07:56"
2010,211,321,19.8,TRUE,"27/07/2017 07:59"
2010,335,243,136.7,TRUE,"02/08/2017 07:59"
2010,350,270,145.4,TRUE,"02/08/2017 08:08"
2010,60,245,71.1,TRUE,"02/08/2017 11:10"
2010,211,174,9.4,TRUE,"02/08/2017 08:02"
2010,206,242,100.3,TRUE,"02/08/2017 11:09"
2010,313,163,99.8,TRUE,"28/07/2017 14:59"
2010,138,207,29.5,TRUE,"31/07/2017 14:38"
2010,274,341,130.2,TRUE,"27/07/2017 07:45"
2010,173,196,115.4,TRUE,"27/07/2017 08:02"
2010,3,170,8.4,TRUE,"01/08/2017 09:22"
2010,118,114,99.5,TRUE,"27/07/2017 07:52"
2010,306,321,17.8,TRUE,"02/08/2017 11:12"
2010,299,356,111.2,TRUE,"27/07/2017 13:33"
2010,299,339,84.5,TRUE,"02/08/2017 08:04"
2010,206,272,65.1,TRUE,"28/07/2017 07:54"
2010,105,165,11.9,TRUE,"28/07/2017 07:56"
2010,101,90,10.8,TRUE,"02/08/2017 11:17"
2010,6,229,14.2,TRUE,"31/07/2017 15:06"
2010,134,116,58.5,TRUE,"27/07/2017 07:58"
2010,130,349,131.5,TRUE,"27/07/2017 07:55"
2010,352,302,158.3,TRUE,"02/08/2017 08:02"
2010,89,207,30.7,TRUE,"27/07/2017 07:53"
2010,99,285,50.6,TRUE,"28/07/2017 15:00"
2010,93,170,6.3,TRUE,"02/08/2017 11:17"
2010,209,51,14,TRUE,"28/07/2017 14:55"
2010,215,99,67.3,TRUE,"02/08/2017 08:03"
2010,3,351,23.9,TRUE,"27/07/2017 13:19"
2010,250,11,75.9,TRUE,"01/08/2017 09:24"
2010,83,81,91.4,TRUE,"28/07/2017 07:56"
2010,333,344,267.4,TRUE,"31/07/2017 14:35"
2010,274,265,15.8,TRUE,"31/07/2017 14:38"
2010,187,316,68.8,TRUE,"01/08/2017 09:23"
2010,198,300,52.1,TRUE,"27/07/2017 07:56"
2010,115,109,125.3,TRUE,"01/08/2017 09:29"
2010,269,255,113.3,TRUE,"02/08/2017 11:16"
2010,322,21,114.5,TRUE,"28/07/2017 08:00"
2010,226,291,43.6,TRUE,"02/08/2017 11:16"
2010,137,321,14.2,TRUE,"31/07/2017 14:37"
2010,95,11,84.6,TRUE,"27/07/2017 13:20"
2010,83,259,61.4,TRUE,"27/07/2017 07:46"
2010,224,315,48,TRUE,"31/07/2017 14:44"
2010,187,170,78.7,TRUE,"27/07/2017 07:57"
2010,168,142,112.3,TRUE,"27/07/2017 13:40"
2010,86,179,39,TRUE,"27/07/2017 07:49"
2010,27,165,14.6,TRUE,"31/07/2017 14:43"
2010,250,46,389.5,TRUE,"02/08/2017 08:15"
2010,64,261,290.4,TRUE,"31/07/2017 15:15"
2010,239,367,123.5,TRUE,"01/08/2017 09:31"
2010,52,354,53.3,TRUE,"02/08/2017 11:11"
2010,22,362,23,TRUE,"01/08/2017 09:25"
2010,12,99,370.6,TRUE,"31/07/2017 15:04"
2010,251,105,87.4,TRUE,"27/07/2017 13:35"
2010,66,315,106.8,TRUE,"27/07/2017 07:48"
2010,85,153,44.6,TRUE,"28/07/2017 14:53"
2010,233,242,114,TRUE,"27/07/2017 13:36"
2010,235,179,38.1,TRUE,"31/07/2017 14:57"
2010,83,173,118.5,TRUE,"02/08/2017 11:07"
2010,133,266,62.7,TRUE,"27/07/2017 08:00"
2010,141,279,64.2,TRUE,"28/07/2017 07:52"
2010,266,72,33.2,TRUE,"31/07/2017 15:06"
2010,256,108,46.2,TRUE,"28/07/2017 08:01"
2010,230,331,64.1,TRUE,"02/08/2017 11:13"
2010,134,351,8.6,TRUE,"02/08/2017 07:59"
2010,44,291,72.8,TRUE,"31/07/2017 15:05"
2010,81,174,9.4,TRUE,"28/07/2017 14:55"
2010,269,70,21.7,TRUE,"28/07/2017 07:53"
2010,359,372,129.2,TRUE,"28/07/2017 07:49"
2010,291,328,146.3,TRUE,"28/07/2017 07:58"
2010,159,77,169.7,TRUE,"27/07/2017 13:17"
2010,155,75,55.9,TRUE,"02/08/2017 08:06"
2010,3,120,44.3,TRUE,"02/08/2017 11:11"
2010,39,184,13.9,TRUE,"01/08/2017 09:22"
2010,206,121,91.4,TRUE,"28/07/2017 14:52"
2010,330,279,28.8,TRUE,"28/07/2017 07:53"
2010,91,362,74.5,TRUE,"27/07/2017 13:18"
2010,277,268,82.3,TRUE,"28/07/2017 14:56"
2010,301,298,41.1,TRUE,"31/07/2017 15:20"
2010,352,258,73.9,TRUE,"31/07/2017 14:40"
2010,178,293,92.1,TRUE,"28/07/2017 07:51"
2010,49,309,69.9,TRUE,"31/07/2017 14:54"
2010,57,71,90.2,TRUE,"27/07/2017 13:38"
2010,129,158,54.6,TRUE,"27/07/2017 07:50"
2010,173,265,15.1,TRUE,"31/07/2017 14:44"
2010,277,119,85.9,TRUE,"31/07/2017 15:08"
2010,245,341,78.1,TRUE,"31/07/2017 14:53"
2010,190,91,55,TRUE,"27/07/2017 13:21"
2010,85,348,64.4,TRUE,"02/08/2017 11:14"
2010,306,345,57.7,TRUE,"28/07/2017 14:57"
2010,217,174,50.5,TRUE,"31/07/2017 14:57"
2010,259,158,41.2,TRUE,"31/07/2017 14:36"
2010,309,64,18765.2,TRUE,"27/07/2017 13:14"
2010,69,324,32.2,TRUE,"31/07/2017 14:35"
2010,169,172,135.9,TRUE,"31/07/2017 15:10"
2010,64,261,290.4,TRUE,"31/07/2017 15:15"
2010,209,245,89.1,TRUE,"28/07/2017 14:54"
2010,15,268,65.6,TRUE,"31/07/2017 14:39"
2010,191,226,127.3,TRUE,"31/07/2017 14:43"
2010,215,267,111.2,TRUE,"01/08/2017 09:22"
2010,226,291,43.6,TRUE,"02/08/2017 11:16"
2010,186,65,24585.9,TRUE,"28/07/2017 14:51"
2010,334,86,277,TRUE,"27/07/2017 13:31"
2010,361,32,71.9,TRUE,"27/07/2017 07:51"
2010,100,43,10200.4,TRUE,"02/08/2017 11:05"
2010,5,38,50.4,TRUE,"27/07/2017 13:41"
2010,5,286,16.9,TRUE,"02/08/2017 08:05"
2010,206,325,10,TRUE,"02/08/2017 08:08"
2010,163,337,72,TRUE,"02/08/2017 07:57"
2010,84,21,80.7,TRUE,"31/07/2017 14:37"
2010,81,142,118.2,TRUE,"01/08/2017 09:27"
2010,243,149,37.5,TRUE,"31/07/2017 15:05"
2010,333,288,13.5,TRUE,"01/08/2017 09:31"
2010,338,357,231,TRUE,"27/07/2017 13:27"
2009,274,123,110.5,TRUE,"10/08/2017 05:39"
2009,292,188,2825.5,TRUE,"06/08/2017 09:51"
2009,119,371,91.5,TRUE,"06/08/2017 10:22"
2009,98,170,6.7,TRUE,"04/08/2017 05:58"
2009,15,341,18.4,TRUE,"04/08/2017 05:36"
2009,293,66,22.3,TRUE,"04/08/2017 05:57"
2009,122,209,107.7,TRUE,"10/08/2017 05:37"
2009,352,158,14.1,TRUE,"04/08/2017 05:34"
2009,95,138,163.3,TRUE,"27/07/2017 23:11"
2009,166,117,492.7,TRUE,"02/08/2017 14:26"
2009,212,107,47.2,TRUE,"07/08/2017 06:54"
2009,174,75,878.3,TRUE,"27/07/2017 23:08"
2009,337,222,119,TRUE,"10/08/2017 05:44"
2009,196,265,8,TRUE,"03/08/2017 05:49"
2009,334,107,93.1,TRUE,"04/08/2017 05:41"
2009,21,62,258.9,TRUE,"30/07/2017 09:11"
2009,109,100,459.8,TRUE,"06/08/2017 10:04"
2009,166,347,9.2,TRUE,"06/08/2017 10:13"
2009,194,310,253.1,TRUE,"02/08/2017 14:18"
2009,209,230,89,TRUE,"03/08/2017 06:03"
2009,155,165,26.7,TRUE,"03/08/2017 05:59"
2009,129,5,26.5,TRUE,"04/08/2017 05:36"
2009,314,315,386.3,TRUE,"30/07/2017 09:06"
2009,196,361,122.6,TRUE,"04/08/2017 06:00"
2009,183,354,353.3,TRUE,"03/08/2017 12:33"
2009,117,139,7.4,TRUE,"06/08/2017 09:56"
2009,251,52,220.9,TRUE,"04/08/2017 05:47"
2009,152,39,17,TRUE,"30/07/2017 09:49"
2009,295,204,87.6,TRUE,"06/08/2017 10:11"
2009,114,211,284.1,TRUE,"30/07/2017 09:00"
2009,253,325,14.2,TRUE,"03/08/2017 05:49"
2009,243,200,124.4,TRUE,"03/08/2017 05:55"
2009,194,237,201.8,TRUE,"03/08/2017 05:58"
2009,122,237,100.6,TRUE,"06/08/2017 10:19"
2009,15,310,204.4,TRUE,"04/08/2017 05:56"
2009,173,286,6.9,TRUE,"04/08/2017 05:33"
2009,358,86,38.6,TRUE,"04/08/2017 05:36"
2009,69,26,109.1,TRUE,"07/08/2017 06:57"
2009,116,244,10.4,TRUE,"04/08/2017 05:27"
2009,110,341,295,TRUE,"30/07/2017 10:01"
2009,357,217,287.2,TRUE,"01/08/2017 15:11"
2009,32,218,256.2,TRUE,"06/08/2017 10:26"
2009,115,106,347.9,TRUE,"04/08/2017 05:33"
2009,354,28,279.8,TRUE,"30/07/2017 09:54"
2009,101,338,112.5,TRUE,"04/08/2017 05:49"
2009,364,37,114.6,TRUE,"04/08/2017 05:43"
2009,44,37,178.6,TRUE,"04/08/2017 05:39"
2009,359,216,17,TRUE,"03/08/2017 05:59"
2009,104,303,12,TRUE,"07/08/2017 07:04"
2009,254,179,47.9,TRUE,"04/08/2017 05:58"
2009,168,192,225.6,TRUE,"03/08/2017 12:17"
2009,203,348,121.2,TRUE,"06/08/2017 10:06"
2009,50,224,521.3,TRUE,"02/08/2017 21:47"
2009,52,21,280.9,TRUE,"04/08/2017 05:24"
2009,302,118,383.2,TRUE,"02/08/2017 21:54"
2009,311,43,364.1,TRUE,"01/08/2017 15:24"
2009,44,368,89.5,TRUE,"06/08/2017 10:12"
2009,341,293,315.7,TRUE,"06/08/2017 09:56"
2009,263,28,162.4,TRUE,"03/08/2017 05:45"
2009,367,279,54.8,TRUE,"07/08/2017 06:49"
2009,345,98,425.3,TRUE,"03/08/2017 12:13"
2009,242,169,134.5,TRUE,"10/08/2017 05:35"
2009,364,273,118.8,TRUE,"07/08/2017 06:59"
2009,295,290,6.7,TRUE,"10/08/2017 05:44"
2009,28,321,3.5,TRUE,"06/08/2017 10:17"
2009,352,48,186.3,TRUE,"06/08/2017 10:09"
2009,194,165,5.6,TRUE,"04/08/2017 05:44"
2009,322,357,9.5,TRUE,"03/08/2017 12:27"
2009,186,153,9.5,TRUE,"06/08/2017 10:11"
2009,243,332,5,TRUE,"06/08/2017 10:09"
2009,64,45,97,TRUE,"10/08/2017 05:33"
2009,198,130,174.7,TRUE,"10/08/2017 05:42"
2009,269,245,176.6,TRUE,"04/08/2017 05:52"
2009,172,317,12.5,TRUE,"04/08/2017 05:25"
2009,341,38,427.8,TRUE,"01/08/2017 15:18"
2009,154,38,8.9,TRUE,"07/08/2017 07:03"
2009,163,51,8.9,TRUE,"02/08/2017 14:26"
2009,61,224,198.8,TRUE,"04/08/2017 06:03"
2009,6,137,1181.4,TRUE,"01/08/2017 15:44"
2009,349,244,7.6,TRUE,"06/08/2017 10:27"
2009,355,247,153.9,TRUE,"04/08/2017 05:27"
2009,300,229,17,TRUE,"30/07/2017 09:49"
2009,143,120,134.1,TRUE,"03/08/2017 06:01"
2009,129,149,8.7,TRUE,"07/08/2017 06:59"
2009,147,227,109.3,TRUE,"06/08/2017 10:17"
2009,84,237,91.3,TRUE,"07/08/2017 06:55"
2009,89,325,11,TRUE,"07/08/2017 07:03"
2009,310,320,158.7,TRUE,"07/08/2017 07:03"
2009,228,351,8.2,TRUE,"03/08/2017 12:13"
2009,120,303,5.3,TRUE,"04/08/2017 05:35"
2009,105,289,11.3,TRUE,"02/08/2017 21:48"
2009,245,259,45.2,TRUE,"04/08/2017 05:35"
2009,97,38,7.1,TRUE,"03/08/2017 05:53"
2009,285,265,2.3,TRUE,"06/08/2017 10:19"
2009,206,315,95.4,TRUE,"07/08/2017 06:53"
2009,168,102,78.4,TRUE,"07/08/2017 07:00"
2009,114,172,187.8,TRUE,"03/08/2017 05:49"
2009,87,311,54.4,TRUE,"04/08/2017 05:44"
2009,279,71,46.2,TRUE,"04/08/2017 05:53"
2009,292,153,9.3,TRUE,"03/08/2017 05:58"
2009,317,108,104.4,TRUE,"30/07/2017 09:56"
2009,98,37,148.5,TRUE,"10/08/2017 05:47"
2009,142,28,125,TRUE,"06/08/2017 10:21"
2009,95,325,17.2,TRUE,"03/08/2017 12:17"
2009,301,39,114.5,TRUE,"07/08/2017 06:51"
2009,268,328,154.6,TRUE,"03/08/2017 12:35"
2009,119,70,5.6,TRUE,"02/08/2017 21:47"
2009,268,144,7.1,TRUE,"03/08/2017 06:01"
2009,46,97,30.8,TRUE,"04/08/2017 05:34"
2009,258,204,128.7,TRUE,"06/08/2017 10:15"
2009,269,236,322.8,TRUE,"30/07/2017 08:55"
2009,174,170,9,TRUE,"06/08/2017 10:06"
2009,166,290,18,TRUE,"07/08/2017 06:49"
2009,315,298,5.3,TRUE,"06/08/2017 09:56"
2009,110,233,15.4,TRUE,"07/08/2017 06:49"
2009,251,86,41.6,TRUE,"10/08/2017 05:37"
2009,277,225,204.3,TRUE,"03/08/2017 05:52"
2009,57,39,6.4,TRUE,"03/08/2017 05:53"
2009,105,51,15.8,TRUE,"06/08/2017 10:15"
2015,58,288,8.3,TRUE,"28/07/2017 12:33"
2015,187,146,47.5,TRUE,"29/07/2017 20:53"
2015,146,153,287.3,TRUE,"27/07/2017 12:10"
2015,194,2,55.9,TRUE,"29/07/2017 20:48"
2015,307,179,84.7,TRUE,"29/07/2017 20:52"
2015,120,292,159.3,TRUE,"28/07/2017 12:28"
2015,26,174,18.4,TRUE,"29/07/2017 19:15"
2015,372,152,47.4,TRUE,"29/07/2017 19:12"
2015,361,115,50.8,TRUE,"29/07/2017 20:30"
2015,147,335,12.3,TRUE,"29/07/2017 20:40"
2015,5,123,100.6,TRUE,"28/07/2017 12:23"
2015,313,38,18.9,TRUE,"29/07/2017 20:05"
2015,218,58,114.7,TRUE,"29/07/2017 20:50"
2015,50,314,145,TRUE,"28/07/2017 12:32"
2015,117,46,101.1,TRUE,"29/07/2017 18:49"
2015,355,325,27.1,TRUE,"29/07/2017 19:19"
2015,338,347,11,TRUE,"29/07/2017 20:18"
2015,15,206,25.2,TRUE,"29/07/2017 19:34"
2015,84,123,13.6,TRUE,"29/07/2017 20:18"
2015,100,254,14.8,TRUE,"28/07/2017 12:33"
2015,236,49,389.4,TRUE,"29/07/2017 20:12"
2015,106,292,156.7,TRUE,"29/07/2017 20:22"
2015,163,89,172.4,TRUE,"27/07/2017 12:05"
2015,89,235,9.4,TRUE,"29/07/2017 20:40"
2015,21,263,33.3,TRUE,"29/07/2017 20:48"
2015,344,163,121.4,TRUE,"29/07/2017 19:18"
2015,203,115,111.4,TRUE,"27/07/2017 12:33"
2015,143,247,67.1,TRUE,"29/07/2017 20:13"
2015,142,192,83.5,TRUE,"29/07/2017 20:47"
2015,114,109,59,TRUE,"29/07/2017 19:35"
2015,61,96,23.8,TRUE,"29/07/2017 19:35"
2015,237,144,11.7,TRUE,"29/07/2017 20:18"
2015,188,347,6.6,TRUE,"29/07/2017 20:19"
2015,81,348,15.1,TRUE,"29/07/2017 20:05"
2015,197,158,143.6,TRUE,"29/07/2017 18:47"
2015,203,216,11.2,TRUE,"29/07/2017 20:27"
2015,240,298,11.6,TRUE,"29/07/2017 19:33"
2015,361,217,80.8,TRUE,"28/07/2017 12:37"
2015,83,133,305.6,TRUE,"29/07/2017 20:45"
2015,251,149,16.3,TRUE,"29/07/2017 20:54"
2015,239,331,246.6,TRUE,"29/07/2017 19:49"
2015,233,77,1040.8,TRUE,"29/07/2017 19:11"
2015,191,256,335.9,TRUE,"28/07/2017 12:14"
2015,239,159,422.6,TRUE,"28/07/2017 12:21"
2015,118,28,35.9,TRUE,"29/07/2017 18:49"
2015,200,138,101.4,TRUE,"29/07/2017 20:18"
2015,315,290,17.9,TRUE,"29/07/2017 20:31"
2015,224,368,95.5,TRUE,"28/07/2017 12:39"
2015,193,75,26.2,TRUE,"29/07/2017 20:54"
2015,89,107,70.8,TRUE,"29/07/2017 18:41"
2015,62,117,144.8,TRUE,"27/07/2017 11:57"
2015,36,285,47.9,TRUE,"29/07/2017 20:52"
2015,133,98,169.5,TRUE,"28/07/2017 12:09"
2015,308,230,21.5,TRUE,"29/07/2017 20:20"
2015,349,209,80.6,TRUE,"27/07/2017 12:34"
2015,120,204,33,TRUE,"29/07/2017 20:40"
2015,310,309,812.4,TRUE,"29/07/2017 19:32"
2015,349,285,9.4,TRUE,"29/07/2017 20:39"
2015,277,44,544.1,TRUE,"27/07/2017 12:27"
2015,30,255,128.5,TRUE,"27/07/2017 12:03"
2015,263,207,23.9,TRUE,"29/07/2017 18:44"
2015,171,230,22.2,TRUE,"29/07/2017 20:23"
2015,44,212,64.6,TRUE,"29/07/2017 18:40"
2015,194,276,774.5,TRUE,"29/07/2017 20:04"
2015,371,129,178.6,TRUE,"27/07/2017 12:31"
2015,141,320,75.7,TRUE,"29/07/2017 20:36"
2015,183,51,23.7,TRUE,"29/07/2017 18:39"
2015,268,229,9.6,TRUE,"29/07/2017 19:11"
2015,354,90,93.3,TRUE,"29/07/2017 18:43"
2015,12,288,16,TRUE,"29/07/2017 20:23"
2015,60,97,55,TRUE,"29/07/2017 19:33"
2015,276,325,24.9,TRUE,"27/07/2017 12:35"
2015,187,332,10.1,TRUE,"28/07/2017 12:32"
2015,3,159,157.3,TRUE,"29/07/2017 18:53"
2015,357,215,135.9,TRUE,"29/07/2017 20:30"
2015,34,317,19.4,TRUE,"29/07/2017 20:19"
2015,330,52,145.7,TRUE,"29/07/2017 20:16"
2015,137,301,138,TRUE,"28/07/2017 12:36"
2015,306,216,82.1,TRUE,"28/07/2017 12:30"
2015,58,293,13.4,TRUE,"29/07/2017 20:39"
2015,311,272,63.4,TRUE,"27/07/2017 12:28"
2015,314,71,59.7,TRUE,"27/07/2017 12:36"
2015,352,299,62,TRUE,"27/07/2017 12:35"
2015,192,337,156.2,TRUE,"29/07/2017 20:39"
2015,5,289,117.1,TRUE,"27/07/2017 12:00"
2015,65,154,81.3,TRUE,"29/07/2017 19:14"
2015,250,101,48.9,TRUE,"29/07/2017 19:16"
2015,110,158,20.4,TRUE,"29/07/2017 20:06"
2015,104,206,86.3,TRUE,"29/07/2017 20:25"
2015,118,255,21.4,TRUE,"29/07/2017 18:41"
2015,274,200,12.5,TRUE,"29/07/2017 20:19"
2015,266,98,254.1,TRUE,"29/07/2017 20:35"
2015,361,244,6.5,TRUE,"29/07/2017 20:36"
2015,196,149,132.4,TRUE,"28/07/2017 12:26"
2015,300,285,67.9,TRUE,"27/07/2017 11:58"
2015,245,254,16.8,TRUE,"29/07/2017 20:18"
2015,30,128,14.4,TRUE,"29/07/2017 18:43"
2015,122,32,611.1,TRUE,"29/07/2017 19:45"
2015,272,144,8.8,TRUE,"29/07/2017 20:05"
2015,273,299,298.1,TRUE,"27/07/2017 12:16"
2015,166,135,52,TRUE,"29/07/2017 19:50"
2015,11,347,9.1,TRUE,"28/07/2017 12:30"
2015,317,144,21.6,TRUE,"27/07/2017 12:11"
2015,159,27,12.4,TRUE,"29/07/2017 18:51"
2015,270,320,36,TRUE,"29/07/2017 19:15"
2015,62,149,126.6,TRUE,"27/07/2017 12:18"
2015,225,14,19.8,TRUE,"29/07/2017 18:44"
2015,203,200,35.6,TRUE,"28/07/2017 12:33"
2015,267,334,44.5,TRUE,"29/07/2017 18:45"
2015,119,90,73.6,TRUE,"29/07/2017 18:51"
2015,233,34,72.2,TRUE,"29/07/2017 19:52"
2015,57,149,11.2,TRUE,"29/07/2017 19:35"
2015,364,244,41.5,TRUE,"27/07/2017 11:57"
2015,146,65,20.2,TRUE,"29/07/2017 20:06"
2015,350,354,331.5,TRUE,"29/07/2017 18:38"
2015,306,314,158.5,TRUE,"29/07/2017 20:27"
2015,100,367,20.8,TRUE,"29/07/2017 20:19"
2015,359,244,17.5,TRUE,"28/07/2017 12:22"
2015,243,226,74.1,TRUE,"29/07/2017 19:13"
2012,255,116,75.2,TRUE,"08/08/2017 20:46"
2012,155,164,108,TRUE,"08/08/2017 20:21"
2012,331,184,3.2,TRUE,"08/08/2017 20:38"
2012,52,115,15.3,TRUE,"08/08/2017 20:52"
2012,15,372,42.3,TRUE,"08/08/2017 20:42"
2012,160,39,4.8,TRUE,"08/08/2017 20:09"
2012,277,3,81.7,TRUE,"08/08/2017 20:09"
2012,224,292,16.5,TRUE,"08/08/2017 20:53"
2012,359,134,4,TRUE,"08/08/2017 20:28"
2012,203,164,14.6,TRUE,"08/08/2017 21:15"
2012,236,225,70.9,TRUE,"08/08/2017 21:12"
2012,89,288,2.8,TRUE,"08/08/2017 20:59"
2012,57,52,148.7,TRUE,"08/08/2017 20:56"
2012,345,114,51.2,TRUE,"08/08/2017 20:04"
2012,225,141,58.1,TRUE,"08/08/2017 20:02"
2012,117,212,102.9,TRUE,"08/08/2017 20:00"
2012,3,32,9.2,TRUE,"08/08/2017 21:20"
2012,230,339,50.2,TRUE,"08/08/2017 20:52"
2012,50,190,88.5,TRUE,"08/08/2017 20:59"
2012,145,230,101.5,TRUE,"08/08/2017 20:32"
2012,77,45,38.1,TRUE,"08/08/2017 21:27"
2012,104,331,21.1,TRUE,"08/08/2017 20:18"
2012,218,263,35.2,TRUE,"08/08/2017 20:45"
2012,58,114,43.8,TRUE,"08/08/2017 20:27"
2012,364,249,8.3,TRUE,"08/08/2017 20:26"
2012,335,72,8.5,TRUE,"08/08/2017 21:08"
2012,36,288,7.7,TRUE,"08/08/2017 21:15"
2012,198,303,5.2,TRUE,"08/08/2017 20:19"
2012,183,186,76,TRUE,"08/08/2017 20:26"
2012,110,155,344.8,TRUE,"27/07/2017 08:45"
2012,44,187,76.6,TRUE,"08/08/2017 21:17"
2012,209,154,47.7,TRUE,"08/08/2017 20:44"
2012,118,230,31.9,TRUE,"08/08/2017 20:03"
2012,100,138,23.8,TRUE,"08/08/2017 20:57"
2012,315,247,50.2,TRUE,"08/08/2017 20:38"
2012,146,75,8.1,TRUE,"08/08/2017 20:42"
2012,285,144,3.3,TRUE,"08/08/2017 20:45"
2012,44,5,11.2,TRUE,"08/08/2017 20:54"
2012,328,82,14.5,TRUE,"08/08/2017 20:23"
2012,307,95,54.1,TRUE,"08/08/2017 20:54"
2012,172,298,5.8,TRUE,"08/08/2017 20:19"
2012,250,301,24.1,TRUE,"08/08/2017 21:13"
2012,130,99,28.8,TRUE,"08/08/2017 21:10"
2012,84,117,132,TRUE,"08/08/2017 20:13"
2012,254,165,4,TRUE,"08/08/2017 21:11"
2012,145,270,18.6,TRUE,"08/08/2017 21:13"
2012,87,244,3.2,TRUE,"08/08/2017 20:54"
2012,141,251,41,TRUE,"08/08/2017 20:42"
2012,15,193,15.4,TRUE,"08/08/2017 21:12"
2012,95,92,17.4,TRUE,"08/08/2017 20:57"
2012,215,228,81.6,TRUE,"08/08/2017 20:33"
2012,211,239,108.9,TRUE,"08/08/2017 20:23"
2012,81,69,37.9,TRUE,"08/08/2017 21:14"
2012,279,324,7.8,TRUE,"08/08/2017 20:04"
2012,168,337,200.1,TRUE,"08/08/2017 21:26"
2012,300,270,23,TRUE,"08/08/2017 20:19"
2012,48,80,27.7,TRUE,"08/08/2017 20:40"
2012,118,191,65.4,TRUE,"08/08/2017 20:30"
2012,11,144,4.2,TRUE,"08/08/2017 21:18"
2012,361,348,13.9,TRUE,"08/08/2017 20:43"
2012,310,154,64.8,TRUE,"08/08/2017 20:37"
2012,84,222,27.1,TRUE,"08/08/2017 20:41"
2012,12,355,460.6,TRUE,"08/08/2017 21:07"
2012,364,349,160.6,TRUE,"08/08/2017 20:16"
2012,365,30,11.7,TRUE,"08/08/2017 20:43"
2012,61,95,76.6,TRUE,"08/08/2017 20:01"
2012,155,85,68.6,TRUE,"08/08/2017 21:22"
2012,122,219,127.9,TRUE,"08/08/2017 20:18"
2012,314,352,37.2,TRUE,"08/08/2017 21:18"
2012,99,289,3.8,TRUE,"08/08/2017 21:07"
2012,152,70,2.6,TRUE,"08/08/2017 20:45"
2012,171,295,36.4,TRUE,"08/08/2017 20:43"
2012,149,347,4.7,TRUE,"08/08/2017 20:41"
2012,315,156,10.1,TRUE,"08/08/2017 20:32"
2012,196,235,17.2,TRUE,"08/08/2017 20:51"
2012,105,110,105.7,TRUE,"08/08/2017 20:40"
2012,307,163,36.6,TRUE,"08/08/2017 21:15"
2012,274,196,155.6,TRUE,"08/08/2017 20:06"
2012,98,134,3.4,TRUE,"08/08/2017 20:21"
2012,339,337,1456,TRUE,"27/07/2017 08:39"
2012,197,108,3.6,TRUE,"08/08/2017 21:23"
2012,251,83,280.3,TRUE,"08/08/2017 20:51"
2012,212,240,62,TRUE,"08/08/2017 21:00"
2012,61,261,4.4,TRUE,"08/08/2017 20:38"
2012,101,352,24.8,TRUE,"08/08/2017 21:23"
2012,11,279,26.3,TRUE,"08/08/2017 20:24"
2012,316,207,10.8,TRUE,"08/08/2017 21:17"
2012,352,216,10.6,TRUE,"08/08/2017 20:37"
2012,358,72,4,TRUE,"08/08/2017 20:32"
2012,368,95,10,TRUE,"08/08/2017 20:28"
2012,249,14,1.7,TRUE,"08/08/2017 21:23"
2012,95,322,62.8,TRUE,"08/08/2017 19:58"
2012,259,96,26,TRUE,"08/08/2017 21:10"
2012,178,107,68.8,TRUE,"08/08/2017 20:36"
2012,306,285,17.1,TRUE,"08/08/2017 20:40"
2012,300,291,48.1,TRUE,"08/08/2017 21:21"
2012,299,276,99.5,TRUE,"08/08/2017 20:11"
2012,253,45,27.2,TRUE,"08/08/2017 20:29"
2012,237,121,100.7,TRUE,"08/08/2017 20:28"
2012,71,254,22.6,TRUE,"08/08/2017 20:21"
2012,178,272,81.7,TRUE,"08/08/2017 20:08"
2012,219,71,16,TRUE,"08/08/2017 21:21"
2012,217,226,58.9,TRUE,"08/08/2017 21:28"
2012,3,285,32.3,TRUE,"08/08/2017 21:08"
2012,328,265,4.7,TRUE,"08/08/2017 21:10"
2012,345,322,5.2,TRUE,"08/08/2017 20:54"
2012,314,43,43.7,TRUE,"08/08/2017 20:24"
2012,371,354,71.8,TRUE,"08/08/2017 20:34"
2012,239,347,2.3,TRUE,"08/08/2017 21:23"
2012,364,286,3.4,TRUE,"08/08/2017 20:46"
2012,183,170,3.2,TRUE,"08/08/2017 21:26"
2012,119,126,15,TRUE,"08/08/2017 21:13"
2012,251,93,36.1,TRUE,"08/08/2017 21:15"
2012,357,226,19.6,TRUE,"08/08/2017 21:11"
2012,316,261,3.6,TRUE,"08/08/2017 20:23"
2012,330,14,3.7,TRUE,"08/08/2017 20:46"
2012,172,268,47.8,TRUE,"08/08/2017 21:20"
2012,49,178,86.2,TRUE,"08/08/2017 21:09"
2012,359,142,99.6,TRUE,"08/08/2017 21:19"
2011,118,27,2583.8,TRUE,"31/07/2017 14:52"
2011,62,368,280.9,TRUE,"14/08/2017 11:46"
2011,116,288,171.6,TRUE,"01/08/2017 16:38"
2011,196,102,102.2,TRUE,"07/08/2017 16:16"
2011,58,359,162.8,TRUE,"14/08/2017 11:49"
2011,203,334,388.1,TRUE,"14/08/2017 11:42"
2011,228,46,318.4,TRUE,"08/08/2017 13:07"
2011,349,97,395.2,TRUE,"14/08/2017 11:04"
2011,43,89,417,TRUE,"08/08/2017 13:46"
2011,57,134,9.4,TRUE,"31/07/2017 13:53"
2011,256,311,298.7,TRUE,"11/08/2017 15:30"
2011,355,115,342.5,TRUE,"31/07/2017 15:13"
2011,123,145,81.6,TRUE,"02/08/2017 15:26"
2011,317,246,21.1,TRUE,"01/08/2017 15:53"
2011,372,365,9252.4,TRUE,"08/08/2017 16:32"
2011,357,108,32.7,TRUE,"14/08/2017 09:50"
2011,310,200,71.6,TRUE,"14/08/2017 09:49"
2011,69,135,58.3,TRUE,"31/07/2017 15:14"
2011,110,367,2282,TRUE,"11/08/2017 14:51"
2011,247,321,25.4,TRUE,"14/08/2017 09:26"
2011,145,293,466.7,TRUE,"08/08/2017 13:37"
2011,71,292,122.9,TRUE,"09/08/2017 16:27"
2011,299,191,359.7,TRUE,"31/07/2017 13:45"
2011,66,75,149.2,TRUE,"01/08/2017 15:14"
2011,105,69,132,TRUE,"08/08/2017 16:54"
2011,34,356,186.9,TRUE,"31/07/2017 14:55"
2011,164,356,49,TRUE,"14/08/2017 09:39"
2011,118,153,720,TRUE,"08/08/2017 13:58"
2011,84,332,32.2,TRUE,"01/08/2017 15:36"
2011,123,159,175.8,TRUE,"01/08/2017 16:33"
2011,359,86,798,TRUE,"31/07/2017 13:36"
2011,48,36,85.2,TRUE,"01/08/2017 16:28"
2011,62,204,153.5,TRUE,"01/08/2017 15:39"
2011,303,197,230.6,TRUE,"01/08/2017 14:31"
2011,126,261,75.7,TRUE,"07/08/2017 16:17"
2011,300,114,265.9,TRUE,"14/08/2017 11:35"
2011,240,107,254.4,TRUE,"31/07/2017 15:06"
2011,95,6,87.4,TRUE,"07/08/2017 16:10"
2011,211,38,434.3,TRUE,"31/07/2017 14:02"
2011,240,348,129.4,TRUE,"14/08/2017 09:36"
2011,236,77,75.4,TRUE,"14/08/2017 10:58"
2011,320,324,96.5,TRUE,"01/08/2017 15:49"
2011,308,358,464.7,TRUE,"31/07/2017 15:46"
2011,174,178,1612.3,TRUE,"01/08/2017 15:03"
2011,170,247,128.6,TRUE,"01/08/2017 16:47"
2011,141,116,401.5,TRUE,"31/07/2017 14:09"
2011,337,335,240.1,TRUE,"07/08/2017 16:14"
2011,341,351,122.5,TRUE,"14/08/2017 09:38"
2011,315,116,393.3,TRUE,"11/08/2017 10:42"
2011,233,338,584,TRUE,"31/07/2017 15:39"
2011,309,158,319.2,TRUE,"01/08/2017 14:36"
2011,183,135,329,TRUE,"11/08/2017 10:54"
2011,11,48,375.6,TRUE,"14/08/2017 09:56"
2011,57,46,229.1,TRUE,"14/08/2017 09:34"
2011,147,153,363,TRUE,"11/08/2017 15:58"
2011,187,339,44.5,TRUE,"14/08/2017 09:45"
2011,192,153,39.1,TRUE,"31/07/2017 13:00"
2011,104,255,43.3,TRUE,"14/08/2017 09:48"
2011,334,341,118.9,TRUE,"08/08/2017 13:39"
2011,143,46,1133.7,TRUE,"31/07/2017 13:19"
2011,272,230,414.3,TRUE,"01/08/2017 16:44"
2011,109,315,279.9,TRUE,"01/08/2017 15:08"
2011,89,28,810,TRUE,"14/08/2017 11:18"
2011,355,135,248,TRUE,"14/08/2017 10:51"
2011,154,244,3013.3,TRUE,"14/08/2017 10:46"
2011,261,325,264.3,TRUE,"01/08/2017 15:43"
2011,338,158,100.6,TRUE,"08/08/2017 16:39"
2011,84,313,773.1,TRUE,"14/08/2017 11:31"
2011,171,30,121.2,TRUE,"07/08/2017 16:09"
2011,276,265,67.8,TRUE,"09/08/2017 16:28"
2011,313,332,68.7,TRUE,"31/07/2017 15:48"
2011,302,166,476.8,TRUE,"11/08/2017 14:59"
2011,143,115,413.4,TRUE,"11/08/2017 15:52"
2011,299,341,248.8,TRUE,"11/08/2017 15:45"
2011,240,356,408.9,TRUE,"02/08/2017 15:33"
2011,96,216,139.9,TRUE,"08/08/2017 13:10"
2011,61,286,247.2,TRUE,"14/08/2017 09:30"
2011,240,337,1079,TRUE,"08/08/2017 10:16"
2011,81,334,402.8,TRUE,"11/08/2017 10:48"
2011,268,105,395.3,TRUE,"31/07/2017 15:02"
2011,119,314,226.3,TRUE,"31/07/2017 13:23"
2011,239,321,14.8,TRUE,"14/08/2017 11:49"
2011,50,354,801.1,TRUE,"11/08/2017 15:25"
2011,97,51,875.6,TRUE,"31/07/2017 15:29"
2011,198,347,37.7,TRUE,"31/07/2017 15:48"
2011,5,34,287.2,TRUE,"14/08/2017 10:56"
2011,60,146,912,TRUE,"02/08/2017 15:25"
2011,317,90,118.5,TRUE,"14/08/2017 09:41"
2011,43,345,161.6,TRUE,"14/08/2017 09:47"
2011,218,249,150.1,TRUE,"01/08/2017 15:36"
2011,106,178,202.8,TRUE,"08/08/2017 16:52"
2011,187,364,1181.6,TRUE,"01/08/2017 15:33"
2011,119,337,175,TRUE,"14/08/2017 09:44"
2011,274,82,98.5,TRUE,"31/07/2017 15:08"
2011,371,285,190.3,TRUE,"01/08/2017 15:53"
2011,147,99,327,TRUE,"08/08/2017 16:38"
2011,334,265,94.8,TRUE,"01/08/2017 16:30"
2011,130,217,104,TRUE,"01/08/2017 16:35"
2011,317,372,5.8,TRUE,"31/07/2017 13:00"
2011,313,259,59.4,TRUE,"09/08/2017 16:29"
2011,115,101,567.5,TRUE,"08/08/2017 16:49"
2011,66,206,9965.4,TRUE,"08/08/2017 13:02"
2011,95,146,84.9,TRUE,"31/07/2017 15:50"
2011,101,129,157.7,TRUE,"31/07/2017 13:39"
2011,44,46,692,TRUE,"11/08/2017 15:41"
2011,239,244,210,TRUE,"01/08/2017 15:11"
2011,269,218,685.7,TRUE,"11/08/2017 15:10"
2011,99,362,76.9,TRUE,"11/08/2017 15:11"
2011,322,60,175,TRUE,"11/08/2017 10:57"
2011,77,146,899.4,TRUE,"08/08/2017 13:25"
2011,356,82,22,TRUE,"14/08/2017 10:47"
2011,237,216,42.2,TRUE,"31/07/2017 15:50"
2011,83,108,201.7,TRUE,"08/08/2017 13:29"
2011,314,82,9.8,TRUE,"14/08/2017 11:46"
2011,204,345,269.8,TRUE,"01/08/2017 15:48"
2011,61,122,117.8,TRUE,"31/07/2017 13:55"
2011,81,51,59.9,TRUE,"14/08/2017 10:52"
2011,15,146,102.7,TRUE,"11/08/2017 16:00"
2011,263,337,2051.6,TRUE,"01/08/2017 16:27"
2014,322,70,114.5,TRUE,"30/07/2017 17:46"
2014,141,93,1259.7,TRUE,"29/07/2017 22:30"
2014,110,34,73.3,TRUE,"03/08/2017 16:53"
2014,109,149,14.7,TRUE,"03/08/2017 16:53"
2014,117,209,155.4,TRUE,"03/08/2017 16:56"
2014,145,126,106.9,TRUE,"04/08/2017 11:06"
2014,155,166,729,TRUE,"30/07/2017 09:52"
2014,273,21,114.5,TRUE,"04/08/2017 11:24"
2014,104,145,354.2,TRUE,"30/07/2017 19:29"
2014,253,49,339.2,TRUE,"03/08/2017 17:16"
2014,143,179,48,TRUE,"04/08/2017 11:28"
2014,121,129,163.2,TRUE,"31/07/2017 12:10"
2014,212,164,372.3,TRUE,"04/08/2017 19:42"
2014,349,253,0.6,TRUE,"03/08/2017 17:09"
2014,28,32,0.7,TRUE,"03/08/2017 17:09"
2014,87,291,42.8,TRUE,"04/08/2017 20:04"
2014,245,128,8.5,TRUE,"03/08/2017 16:48"
2014,43,300,215.6,TRUE,"31/07/2017 12:03"
2014,198,65,352.9,TRUE,"04/08/2017 19:36"
2014,349,96,223.4,TRUE,"30/07/2017 09:35"
2014,339,26,121.6,TRUE,"31/07/2017 12:15"
2014,114,156,35.2,TRUE,"01/08/2017 15:49"
2014,134,293,238.3,TRUE,"30/07/2017 09:23"
2014,15,6,11.7,TRUE,"04/08/2017 11:29"
2014,276,86,133.6,TRUE,"01/08/2017 21:35"
2014,11,334,316.7,TRUE,"04/08/2017 19:58"
2014,306,77,168.6,TRUE,"04/08/2017 11:28"
2014,91,106,705,TRUE,"01/08/2017 15:49"
2014,274,308,471.9,TRUE,"30/07/2017 09:31"
2014,58,255,28.1,TRUE,"04/08/2017 19:44"
2014,365,50,318.3,TRUE,"04/08/2017 11:12"
2014,317,288,9,TRUE,"04/08/2017 11:34"
2014,3,339,104.9,TRUE,"04/08/2017 10:50"
2014,83,371,225.1,TRUE,"04/08/2017 10:57"
2014,204,290,6.8,TRUE,"01/08/2017 21:09"
2014,191,267,8.1,TRUE,"03/08/2017 17:09"
2014,171,200,44.7,TRUE,"04/08/2017 19:43"
2014,169,204,110.7,TRUE,"04/08/2017 11:36"
2014,92,159,1.1,TRUE,"03/08/2017 17:09"
2014,251,325,94.2,TRUE,"31/07/2017 12:08"
2014,307,194,1331.5,TRUE,"01/08/2017 21:31"
2014,89,300,186.9,TRUE,"04/08/2017 11:33"
2014,83,22,151.5,TRUE,"31/07/2017 12:13"
2014,345,154,673.5,TRUE,"30/07/2017 18:03"
2014,277,34,42.5,TRUE,"04/08/2017 11:30"
2014,263,247,243,TRUE,"31/07/2017 11:59"
2014,301,121,75.5,TRUE,"01/08/2017 21:09"
2014,21,69,68.2,TRUE,"03/08/2017 17:17"
2014,355,368,33.1,TRUE,"30/07/2017 17:30"
2014,197,152,0.6,TRUE,"03/08/2017 17:09"
2014,350,227,291.8,TRUE,"30/07/2017 17:51"
2014,102,216,36.5,TRUE,"31/07/2017 12:06"
2014,233,12,274,TRUE,"03/08/2017 17:09"
2014,61,30,44,TRUE,"04/08/2017 20:14"
2014,188,351,26.5,TRUE,"04/08/2017 19:58"
2014,142,351,6.8,TRUE,"04/08/2017 11:34"
2014,268,204,317.9,TRUE,"30/07/2017 09:57"
2014,84,331,218.7,TRUE,"04/08/2017 11:01"
2014,236,215,203.8,TRUE,"04/08/2017 11:15"
2014,15,311,189.5,TRUE,"31/07/2017 12:18"
2014,96,72,362.1,TRUE,"01/08/2017 15:37"
2014,301,261,7,TRUE,"04/08/2017 11:33"
2014,50,141,318.2,TRUE,"04/08/2017 11:41"
2014,147,5,72.9,TRUE,"30/07/2017 19:15"
2014,218,254,56.1,TRUE,"03/08/2017 16:48"
2014,83,146,2.3,TRUE,"03/08/2017 17:09"
2014,219,254,318,TRUE,"01/08/2017 15:31"
2014,138,289,6.6,TRUE,"04/08/2017 11:24"
2014,154,328,195.8,TRUE,"04/08/2017 19:47"
2014,187,95,78.2,TRUE,"04/08/2017 20:06"
2014,267,164,350.1,TRUE,"30/07/2017 17:45"
2014,77,266,348.6,TRUE,"30/07/2017 19:14"
2014,212,362,14.9,TRUE,"01/08/2017 15:31"
2014,368,99,83.6,TRUE,"04/08/2017 20:03"
2014,344,144,12.4,TRUE,"04/08/2017 11:05"
2014,145,212,502,TRUE,"03/08/2017 17:05"
2014,81,128,8.5,TRUE,"01/08/2017 21:09"
2014,21,320,460.8,TRUE,"03/08/2017 16:47"
2014,254,144,9.7,TRUE,"03/08/2017 16:52"
2014,203,237,6.8,TRUE,"03/08/2017 17:09"
2014,37,311,211.1,TRUE,"03/08/2017 16:52"
2014,225,292,111.9,TRUE,"01/08/2017 21:33"
2014,102,144,238.4,TRUE,"30/07/2017 09:00"
2014,302,285,68.5,TRUE,"04/08/2017 10:58"
2014,36,332,11.1,TRUE,"03/08/2017 16:48"
2014,178,222,327.1,TRUE,"04/08/2017 20:13"
2014,2,173,1158.5,TRUE,"03/08/2017 17:51"
2014,119,292,502.5,TRUE,"30/07/2017 17:39"
2014,106,217,123.9,TRUE,"04/08/2017 20:16"
2014,27,362,9.3,TRUE,"03/08/2017 16:56"
2014,92,45,314.7,TRUE,"30/07/2017 10:03"
2014,110,179,75.2,TRUE,"30/07/2017 09:36"
2014,118,184,7.7,TRUE,"04/08/2017 11:34"
2014,219,239,397.5,TRUE,"04/08/2017 11:22"
2014,224,227,286.1,TRUE,"31/07/2017 11:53"
2014,137,11,501.6,TRUE,"30/07/2017 09:19"
2014,358,156,64.8,TRUE,"30/07/2017 09:40"
2014,193,270,166.7,TRUE,"30/07/2017 18:09"
2014,322,245,218.5,TRUE,"04/08/2017 20:02"
2014,192,14,9,TRUE,"04/08/2017 11:33"
2014,37,32,241.7,TRUE,"30/07/2017 18:07"
2014,192,27,156.2,TRUE,"30/07/2017 09:39"
2014,106,93,186.3,TRUE,"04/08/2017 11:04"
2014,193,290,41.7,TRUE,"04/08/2017 11:29"
2014,104,64,154.8,TRUE,"31/07/2017 12:05"
2014,183,200,60.9,TRUE,"04/08/2017 20:05"
2014,338,356,149.1,TRUE,"04/08/2017 10:53"
2014,100,147,671.1,TRUE,"30/07/2017 09:11"
2014,218,27,32.6,TRUE,"31/07/2017 12:21"
2014,266,337,127.6,TRUE,"31/07/2017 12:20"
2014,163,36,491.9,TRUE,"30/07/2017 19:23"
2014,242,320,58.1,TRUE,"04/08/2017 11:25"
2014,160,75,337.5,TRUE,"04/08/2017 19:52"
2014,229,350,1.1,TRUE,"03/08/2017 17:09"
2014,168,34,95.1,TRUE,"04/08/2017 20:08"
2014,352,265,9.4,TRUE,"30/07/2017 10:03"
2014,359,348,14.5,TRUE,"03/08/2017 16:56"
2014,66,14,20.4,TRUE,"31/07/2017 12:15"
2014,243,39,7,TRUE,"04/08/2017 11:33"
2002,273,301,37.8,TRUE,"16/08/2017 11:59"
2002,117,147,151.2,TRUE,"31/07/2017 20:41"
2002,87,256,258.3,TRUE,"01/08/2017 12:35"
2002,233,164,75,TRUE,"01/08/2017 12:59"
2002,361,298,11,TRUE,"01/08/2017 12:20"
2002,100,123,8.8,TRUE,"16/08/2017 12:15"
2002,153,288,2.5,TRUE,"16/08/2017 12:18"
2002,236,50,6.4,TRUE,"16/08/2017 12:25"
2002,50,137,172.5,TRUE,"31/07/2017 17:35"
2002,198,170,9.5,TRUE,"31/07/2017 17:35"
2002,292,90,124.3,TRUE,"31/07/2017 17:40"
2002,38,321,4.7,TRUE,"16/08/2017 12:23"
2002,149,188,10.6,TRUE,"01/08/2017 12:59"
2002,276,11,1.9,TRUE,"16/08/2017 12:29"
2002,192,26,29.6,TRUE,"16/08/2017 12:16"
2002,295,110,3.8,TRUE,"16/08/2017 12:30"
2002,80,139,13.8,TRUE,"01/08/2017 13:00"
2002,334,324,5.7,TRUE,"31/07/2017 17:49"
2002,168,351,10.8,TRUE,"31/07/2017 17:46"
2002,2,298,10.8,TRUE,"01/08/2017 12:21"
2002,92,128,2.2,TRUE,"16/08/2017 12:19"
2002,22,184,6.9,TRUE,"31/07/2017 20:47"
2002,104,32,67,TRUE,"01/08/2017 12:39"
2002,330,211,744.4,TRUE,"16/08/2017 12:15"
2002,194,256,48.7,TRUE,"01/08/2017 12:19"
2002,239,116,6.9,TRUE,"16/08/2017 12:01"
2002,295,128,4.7,TRUE,"01/08/2017 12:31"
2002,97,335,5.9,TRUE,"16/08/2017 12:18"
2002,266,356,3.7,TRUE,"16/08/2017 12:29"
2002,228,34,43.7,TRUE,"01/08/2017 12:20"
2002,299,197,63.2,TRUE,"01/08/2017 12:58"
2002,138,108,12.4,TRUE,"01/08/2017 12:57"
2002,348,158,219.4,TRUE,"31/07/2017 17:32"
2002,330,156,9.3,TRUE,"01/08/2017 12:21"
2002,145,110,9.3,TRUE,"16/08/2017 12:16"
2002,58,357,12.9,TRUE,"16/08/2017 12:22"
2002,34,27,2.8,TRUE,"16/08/2017 12:28"
2002,81,165,3.5,TRUE,"16/08/2017 11:59"
2002,219,309,5,TRUE,"16/08/2017 12:19"
2002,93,347,1.9,TRUE,"16/08/2017 12:18"
2002,293,303,1.7,TRUE,"16/08/2017 12:29"
2002,267,154,39.3,TRUE,"01/08/2017 12:40"
2002,106,156,1.7,TRUE,"16/08/2017 12:28"
2002,186,187,3.2,TRUE,"16/08/2017 12:29"
2002,219,82,36.1,TRUE,"01/08/2017 12:56"
2002,52,235,12.8,TRUE,"16/08/2017 12:25"
2002,160,207,9,TRUE,"16/08/2017 12:18"
2002,364,66,5.1,TRUE,"16/08/2017 12:19"
2002,239,254,25.8,TRUE,"01/08/2017 13:00"
2002,372,255,4.5,TRUE,"16/08/2017 12:29"
2002,43,102,75.8,TRUE,"16/08/2017 12:17"
2002,225,328,74.7,TRUE,"31/07/2017 17:42"
2002,102,230,5.3,TRUE,"16/08/2017 12:25"
2002,219,70,1.9,TRUE,"16/08/2017 12:23"
2002,85,250,90.6,TRUE,"31/07/2017 17:47"
2002,320,290,65.3,TRUE,"31/07/2017 17:49"
2002,302,169,5,TRUE,"16/08/2017 12:23"
2002,80,145,6.4,TRUE,"16/08/2017 12:17"
2002,309,152,10.4,TRUE,"16/08/2017 12:01"
2002,334,145,5.6,TRUE,"16/08/2017 12:28"
2002,100,289,54.6,TRUE,"31/07/2017 20:38"
2002,344,289,5.9,TRUE,"16/08/2017 12:29"
2002,322,26,43.9,TRUE,"01/08/2017 12:36"
2002,60,139,3.9,TRUE,"16/08/2017 11:59"
2002,93,295,198.8,TRUE,"31/07/2017 20:44"
2002,119,286,2.5,TRUE,"16/08/2017 12:29"
2002,158,371,22.9,TRUE,"16/08/2017 12:00"
2002,233,216,15.5,TRUE,"16/08/2017 12:18"
2002,227,178,83.1,TRUE,"16/08/2017 12:25"
2002,333,266,7.6,TRUE,"16/08/2017 12:21"
2002,138,325,7.8,TRUE,"16/08/2017 12:19"
2002,212,273,64.4,TRUE,"01/08/2017 12:56"
2002,160,266,166.9,TRUE,"01/08/2017 12:38"
2002,85,290,5.8,TRUE,"16/08/2017 12:01"
2002,147,285,10.4,TRUE,"16/08/2017 12:03"
2002,109,62,187.8,TRUE,"16/08/2017 12:28"
2002,230,207,33.6,TRUE,"01/08/2017 12:18"
2002,143,146,7.8,TRUE,"16/08/2017 12:19"
2002,206,299,5.7,TRUE,"16/08/2017 12:23"
2002,14,351,2.9,TRUE,"16/08/2017 12:29"
2002,91,243,7.5,TRUE,"16/08/2017 12:17"
2002,126,193,6,TRUE,"16/08/2017 12:22"
2002,273,121,544.8,TRUE,"01/08/2017 12:30"
2002,134,303,16.7,TRUE,"16/08/2017 12:19"
2002,122,321,7.1,TRUE,"16/08/2017 12:23"
2002,137,171,9.8,TRUE,"16/08/2017 12:23"
2002,364,330,53.2,TRUE,"31/07/2017 20:37"
2002,328,121,11.3,TRUE,"16/08/2017 11:59"
2002,119,285,21.6,TRUE,"16/08/2017 12:23"
2002,85,30,234.2,TRUE,"31/07/2017 17:46"
2002,22,155,160.8,TRUE,"31/07/2017 17:38"
2002,122,249,28.3,TRUE,"01/08/2017 12:55"
2002,253,259,92,TRUE,"16/08/2017 12:02"
2002,186,90,59.5,TRUE,"31/07/2017 17:41"
2002,32,339,9.1,TRUE,"16/08/2017 12:22"
2002,2,172,6,TRUE,"16/08/2017 12:29"
2002,302,130,8.8,TRUE,"16/08/2017 12:00"
2002,225,57,20.6,TRUE,"16/08/2017 12:22"
2002,130,80,150.8,TRUE,"31/07/2017 20:46"
2002,256,173,12.3,TRUE,"31/07/2017 20:47"
2002,307,65,61.8,TRUE,"01/08/2017 12:21"
2002,187,86,17.4,TRUE,"16/08/2017 12:00"
2002,243,357,11.1,TRUE,"01/08/2017 13:00"
2002,15,200,5.3,TRUE,"16/08/2017 12:18"
2002,156,351,4.9,TRUE,"16/08/2017 12:23"
2002,143,229,3.6,TRUE,"16/08/2017 12:16"
2002,3,174,3.9,TRUE,"16/08/2017 12:00"
2002,50,173,4.2,TRUE,"16/08/2017 12:18"
2002,149,265,4,TRUE,"16/08/2017 12:01"
2002,258,222,4.1,TRUE,"16/08/2017 12:29"
2002,46,244,3.6,TRUE,"16/08/2017 12:16"
2002,166,75,4.6,TRUE,"16/08/2017 12:28"
2002,28,173,5.5,TRUE,"16/08/2017 12:18"
2002,311,75,4.1,TRUE,"16/08/2017 12:19"
2002,92,102,401.4,TRUE,"01/08/2017 12:18"
2002,96,255,41,TRUE,"31/07/2017 17:49"
2002,84,155,6.4,TRUE,"16/08/2017 12:18"
2002,230,82,24.8,TRUE,"16/08/2017 12:29"
2002,171,310,7.1,TRUE,"16/08/2017 12:02"
2004,48,66,131.6,TRUE,"30/07/2017 07:24"
2004,225,158,114,TRUE,"30/07/2017 11:38"
2004,106,356,32.1,TRUE,"30/07/2017 07:47"
2004,109,188,82.4,TRUE,"30/07/2017 08:41"
2004,117,272,2.4,TRUE,"30/07/2017 08:56"
2004,58,227,53.9,TRUE,"30/07/2017 07:38"
2004,173,106,113.7,TRUE,"30/07/2017 08:29"
2004,276,110,127.2,TRUE,"30/07/2017 08:03"
2004,237,286,88.8,TRUE,"30/07/2017 11:56"
2004,22,245,26.6,TRUE,"30/07/2017 12:01"
2004,82,197,108.5,TRUE,"30/07/2017 07:17"
2004,198,235,136.7,TRUE,"30/07/2017 08:47"
2004,81,246,11.2,TRUE,"30/07/2017 07:47"
2004,107,216,13.3,TRUE,"30/07/2017 11:29"
2004,48,50,40.1,TRUE,"30/07/2017 11:46"
2004,62,139,49.6,TRUE,"30/07/2017 07:32"
2004,89,60,49.1,TRUE,"30/07/2017 07:47"
2004,52,116,85.3,TRUE,"30/07/2017 07:46"
2004,37,26,53.7,TRUE,"30/07/2017 07:25"
2004,289,72,124.4,TRUE,"30/07/2017 11:42"
2004,365,351,48.8,TRUE,"30/07/2017 12:04"
2004,330,37,38.1,TRUE,"30/07/2017 11:44"
2004,286,169,18.8,TRUE,"30/07/2017 12:10"
2004,269,325,81.9,TRUE,"30/07/2017 07:39"
2004,261,285,29.2,TRUE,"30/07/2017 11:43"
2004,28,301,113.5,TRUE,"30/07/2017 11:31"
2004,51,310,88.9,TRUE,"30/07/2017 11:58"
2004,187,224,128,TRUE,"30/07/2017 07:56"
2004,169,249,99.2,TRUE,"30/07/2017 07:34"
2004,12,43,108.4,TRUE,"30/07/2017 08:49"
2004,152,345,79.1,TRUE,"30/07/2017 07:51"
2004,46,258,43.5,TRUE,"30/07/2017 11:59"
2004,15,298,8.3,TRUE,"30/07/2017 08:50"
2004,301,22,59.5,TRUE,"27/07/2017 12:24"
2004,337,114,72.8,TRUE,"30/07/2017 08:52"
2004,279,362,9.3,TRUE,"30/07/2017 08:43"
2004,193,142,131,TRUE,"30/07/2017 08:34"
2004,186,159,153.2,TRUE,"30/07/2017 07:15"
2004,357,293,59.6,TRUE,"30/07/2017 12:09"
2004,84,97,29,TRUE,"30/07/2017 11:28"
2004,316,48,75.8,TRUE,"30/07/2017 07:58"
2004,152,191,75.8,TRUE,"30/07/2017 12:03"
2004,135,75,19.8,TRUE,"30/07/2017 11:38"
2004,309,207,13.2,TRUE,"30/07/2017 08:57"
2004,64,211,73.9,TRUE,"30/07/2017 07:27"
2004,266,350,41.1,TRUE,"30/07/2017 08:40"
2004,218,244,7.8,TRUE,"30/07/2017 11:34"
2004,83,70,17.1,TRUE,"30/07/2017 11:42"
2004,166,235,80.8,TRUE,"30/07/2017 08:43"
2004,196,244,9.4,TRUE,"30/07/2017 08:45"
2004,243,272,88.6,TRUE,"30/07/2017 08:38"
2004,171,15,91.7,TRUE,"30/07/2017 08:45"
2004,289,311,56.8,TRUE,"30/07/2017 08:53"
2004,235,303,17.6,TRUE,"30/07/2017 07:58"
2004,48,259,82.6,TRUE,"30/07/2017 11:49"
2004,91,207,15.2,TRUE,"30/07/2017 07:56"
2004,61,170,42,TRUE,"30/07/2017 12:01"
2004,15,128,10.1,TRUE,"30/07/2017 09:01"
2004,160,250,0.1,TRUE,"30/07/2017 11:47"
2004,310,247,60.9,TRUE,"30/07/2017 07:54"
2004,141,362,0.1,TRUE,"30/07/2017 07:26"
2004,239,178,98.2,TRUE,"30/07/2017 08:39"
2004,222,138,36.1,TRUE,"30/07/2017 07:57"
2004,101,255,63.5,TRUE,"30/07/2017 11:46"
2004,269,86,65.8,TRUE,"30/07/2017 11:50"
2004,253,334,117.2,TRUE,"30/07/2017 07:53"
2004,299,139,23.7,TRUE,"30/07/2017 11:58"
2004,15,168,42.4,TRUE,"30/07/2017 12:07"
2004,105,14,43.9,TRUE,"30/07/2017 08:59"
2004,65,80,45.9,TRUE,"30/07/2017 12:02"
2004,164,349,115.8,TRUE,"30/07/2017 07:41"
2004,272,184,9.1,TRUE,"30/07/2017 07:49"
2004,44,190,55.7,TRUE,"30/07/2017 07:59"
2004,57,251,98,TRUE,"30/07/2017 08:01"
2004,49,134,84.5,TRUE,"30/07/2017 08:36"
2004,330,82,13.8,TRUE,"30/07/2017 08:35"
2004,119,22,108,TRUE,"30/07/2017 12:06"
2004,160,324,9.5,TRUE,"30/07/2017 07:32"
2004,274,71,80.2,TRUE,"30/07/2017 08:32"
2004,121,190,88.7,TRUE,"30/07/2017 08:57"
2004,149,291,45.1,TRUE,"30/07/2017 11:57"
2004,145,265,12.9,TRUE,"30/07/2017 07:24"
2004,206,338,97.6,TRUE,"30/07/2017 09:01"
2004,276,120,63,TRUE,"30/07/2017 11:44"
2004,95,36,77.6,TRUE,"30/07/2017 07:31"
2004,313,263,86.9,TRUE,"30/07/2017 11:40"
2004,81,172,47.3,TRUE,"30/07/2017 08:54"
2004,322,44,186,TRUE,"30/07/2017 07:37"
2004,273,251,105.8,TRUE,"30/07/2017 08:55"
2004,129,45,79.2,TRUE,"30/07/2017 07:44"
2004,372,5,19.3,TRUE,"30/07/2017 12:04"
2004,236,93,57.9,TRUE,"30/07/2017 11:47"
2004,302,277,133.7,TRUE,"30/07/2017 11:34"
2004,77,295,117.6,TRUE,"30/07/2017 07:43"
2004,228,331,115.7,TRUE,"30/07/2017 11:54"
2004,371,332,9.5,TRUE,"30/07/2017 08:35"
2004,183,321,6.1,TRUE,"30/07/2017 11:49"
2004,126,108,36.2,TRUE,"30/07/2017 07:28"
2004,147,295,22.4,TRUE,"30/07/2017 08:53"
2004,122,354,93.2,TRUE,"30/07/2017 08:31"
2004,178,156,59.5,TRUE,"30/07/2017 07:26"
2004,222,368,25.5,TRUE,"30/07/2017 12:08"
2004,331,293,34.7,TRUE,"30/07/2017 11:50"
2004,60,165,26,TRUE,"30/07/2017 11:29"
2004,58,6,44,TRUE,"30/07/2017 11:51"
2004,66,355,134.4,TRUE,"30/07/2017 11:36"
2004,339,75,19.5,TRUE,"30/07/2017 08:43"
2004,15,2,58.9,TRUE,"30/07/2017 12:00"
2004,95,344,66.4,TRUE,"30/07/2017 12:08"
2004,50,316,156.4,TRUE,"30/07/2017 07:22"
2004,358,104,52.6,TRUE,"30/07/2017 11:52"
2004,286,328,127.3,TRUE,"30/07/2017 07:19"
2004,87,126,42.3,TRUE,"30/07/2017 11:32"
2004,102,258,125.8,TRUE,"30/07/2017 07:30"
2004,186,3,83.5,TRUE,"30/07/2017 08:59"
2004,133,69,54,TRUE,"30/07/2017 11:28"
2004,349,219,113.1,TRUE,"30/07/2017 07:49"
2004,52,270,28.1,TRUE,"30/07/2017 11:52"
2004,163,171,72,TRUE,"30/07/2017 08:50"
2007,242,102,64.6,TRUE,"08/08/2017 19:03"
2007,194,27,8.2,TRUE,"08/08/2017 19:25"
2007,261,288,7.8,TRUE,"08/08/2017 12:11"
2007,236,328,66,TRUE,"08/08/2017 12:31"
2007,233,259,62.9,TRUE,"08/08/2017 12:08"
2007,349,335,45.6,TRUE,"08/08/2017 19:21"
2007,6,293,58.1,TRUE,"08/08/2017 12:38"
2007,50,301,148.6,TRUE,"08/08/2017 18:54"
2007,121,70,10.9,TRUE,"08/08/2017 12:17"
2007,44,60,54.2,TRUE,"08/08/2017 19:24"
2007,169,156,9.3,TRUE,"08/08/2017 19:06"
2007,222,295,76.2,TRUE,"08/08/2017 18:34"
2007,308,138,33.5,TRUE,"08/08/2017 19:25"
2007,98,22,45.3,TRUE,"08/08/2017 12:15"
2007,313,193,70.8,TRUE,"08/08/2017 19:39"
2007,203,355,22,TRUE,"08/08/2017 12:04"
2007,91,325,16.9,TRUE,"08/08/2017 12:14"
2007,12,110,44.7,TRUE,"08/08/2017 12:34"
2007,300,339,42,TRUE,"08/08/2017 12:27"
2007,109,165,7.8,TRUE,"08/08/2017 18:34"
2007,273,66,28.9,TRUE,"08/08/2017 12:22"
2007,97,36,71.9,TRUE,"08/08/2017 18:19"
2007,85,245,69.6,TRUE,"08/08/2017 18:22"
2007,253,159,75.9,TRUE,"08/08/2017 12:36"
2007,15,122,58.2,TRUE,"08/08/2017 18:29"
2007,226,356,65.1,TRUE,"08/08/2017 18:20"
2007,130,321,34.1,TRUE,"08/08/2017 19:41"
2007,123,192,29.8,TRUE,"08/08/2017 12:36"
2007,44,60,54.2,TRUE,"08/08/2017 19:24"
2007,3,104,65.1,TRUE,"08/08/2017 12:07"
2007,48,233,96,TRUE,"08/08/2017 18:28"
2007,22,38,9.6,TRUE,"08/08/2017 12:40"
2007,81,345,90.6,TRUE,"08/08/2017 12:02"
2007,11,164,58.9,TRUE,"08/08/2017 12:21"
2007,159,207,22.8,TRUE,"08/08/2017 19:26"
2007,141,158,34.4,TRUE,"08/08/2017 19:28"
2007,274,357,127.3,TRUE,"08/08/2017 19:36"
2007,333,165,16.8,TRUE,"08/08/2017 12:04"
2007,267,80,67.5,TRUE,"08/08/2017 12:37"
2007,87,60,87.2,TRUE,"08/08/2017 19:02"
2007,98,14,9.4,TRUE,"08/08/2017 18:54"
2007,142,240,77.3,TRUE,"08/08/2017 19:42"
2007,65,249,40.5,TRUE,"08/08/2017 12:28"
2007,266,184,39,TRUE,"08/08/2017 19:40"
2007,313,309,37.5,TRUE,"08/08/2017 18:32"
2007,123,354,60.8,TRUE,"08/08/2017 12:14"
2007,137,338,87.5,TRUE,"08/08/2017 19:27"
2007,309,174,15.9,TRUE,"08/08/2017 12:04"
2007,45,72,30.6,TRUE,"08/08/2017 12:27"
2007,57,107,25.4,TRUE,"08/08/2017 12:01"
2007,89,188,32.1,TRUE,"08/08/2017 18:32"
2007,226,92,148.2,TRUE,"08/08/2017 18:57"
2007,186,247,38.4,TRUE,"08/08/2017 18:50"
2007,37,172,60.5,TRUE,"08/08/2017 12:30"
2007,211,5,55.1,TRUE,"08/08/2017 12:20"
2007,183,330,105.7,TRUE,"08/08/2017 12:19"
2007,218,347,7.7,TRUE,"08/08/2017 12:39"
2007,341,324,8.9,TRUE,"08/08/2017 12:38"
2007,198,286,23.4,TRUE,"08/08/2017 12:22"
2007,361,358,77,TRUE,"08/08/2017 18:36"
2007,143,51,15,TRUE,"08/08/2017 18:50"
2007,64,166,806.8,TRUE,"08/08/2017 18:50"
2007,100,155,78.1,TRUE,"08/08/2017 12:23"
2007,135,80,41.7,TRUE,"08/08/2017 19:36"
2007,277,139,8.2,TRUE,"08/08/2017 19:26"
2007,352,227,67.5,TRUE,"08/08/2017 19:06"
2007,173,244,7.9,TRUE,"08/08/2017 18:57"
2007,118,285,43,TRUE,"08/08/2017 12:34"
2007,268,86,56.7,TRUE,"08/08/2017 19:00"
2007,133,57,67.1,TRUE,"08/08/2017 18:52"
2007,142,30,60.9,TRUE,"08/08/2017 18:35"
2007,92,108,10.7,TRUE,"08/08/2017 12:06"
2007,28,344,297.9,TRUE,"08/08/2017 18:27"
2007,169,174,25,TRUE,"08/08/2017 12:17"
2007,2,174,11.1,TRUE,"08/08/2017 12:07"
2007,224,128,16.7,TRUE,"08/08/2017 12:10"
2007,118,292,36.2,TRUE,"08/08/2017 12:11"
2007,229,298,8.9,TRUE,"08/08/2017 12:40"
2007,156,39,28.2,TRUE,"08/08/2017 12:33"
2007,251,211,82.3,TRUE,"08/08/2017 18:58"
2007,259,69,349.1,TRUE,"08/08/2017 19:34"
2007,171,299,114.7,TRUE,"08/08/2017 19:23"
2007,307,268,33.4,TRUE,"08/08/2017 12:39"
2007,158,71,26.2,TRUE,"08/08/2017 12:11"
2007,269,267,64.5,TRUE,"08/08/2017 12:06"
2007,322,116,786.6,TRUE,"08/08/2017 19:19"
2007,359,26,80.2,TRUE,"08/08/2017 12:32"
2007,159,332,13.1,TRUE,"08/08/2017 19:01"
2007,2,128,14.6,TRUE,"08/08/2017 19:40"
2007,270,82,9.5,TRUE,"08/08/2017 12:02"
2007,316,144,73.8,TRUE,"08/08/2017 12:24"
2007,322,191,39.8,TRUE,"08/08/2017 12:12"
2007,350,317,17.2,TRUE,"08/08/2017 18:57"
2007,62,269,106.7,TRUE,"08/08/2017 18:31"
2007,190,217,81.5,TRUE,"08/08/2017 19:38"
2007,236,129,74.7,TRUE,"08/08/2017 12:16"
2007,256,291,55.8,TRUE,"08/08/2017 12:26"
2007,357,216,15.4,TRUE,"08/08/2017 12:06"
2007,133,90,17.6,TRUE,"08/08/2017 18:29"
2007,219,21,43.6,TRUE,"08/08/2017 12:10"
2007,123,217,50.1,TRUE,"08/08/2017 12:29"
2007,100,246,16,TRUE,"08/08/2017 19:37"
2007,215,200,42.1,TRUE,"08/08/2017 12:40"
2007,58,91,47,TRUE,"08/08/2017 12:25"
2007,179,70,9.3,TRUE,"08/08/2017 12:08"
2007,372,331,18.5,TRUE,"08/08/2017 12:04"
2007,290,303,14.4,TRUE,"08/08/2017 12:40"
2007,159,154,38,TRUE,"08/08/2017 12:00"
2007,49,26,46.2,TRUE,"08/08/2017 19:24"
2007,52,267,61.5,TRUE,"08/08/2017 18:59"
2007,269,120,58.4,TRUE,"08/08/2017 19:20"
2007,367,344,84.5,TRUE,"08/08/2017 19:05"
2007,277,197,31.5,TRUE,"08/08/2017 12:17"
2007,362,332,9.8,TRUE,"08/08/2017 19:23"
2007,306,193,51.8,TRUE,"08/08/2017 12:13"
2007,126,288,8.8,TRUE,"08/08/2017 12:36"
2007,330,333,45.1,TRUE,"08/08/2017 12:03"
2007,96,290,34.8,TRUE,"08/08/2017 12:09"
2007,12,138,16.6,TRUE,"08/08/2017 12:09"
2006,65,229,5.3,TRUE,"21/08/2017 08:07"
2006,32,226,212.3,TRUE,"18/08/2017 16:37"
2006,315,355,21.9,TRUE,"21/08/2017 15:12"
2006,224,197,785.6,TRUE,"14/08/2017 16:47"
2006,339,301,268.4,TRUE,"18/08/2017 16:31"
2006,130,293,243.1,TRUE,"21/08/2017 09:19"
2006,83,50,223.3,TRUE,"21/08/2017 10:57"
2006,118,139,6.4,TRUE,"21/08/2017 07:57"
2006,58,34,76,TRUE,"21/08/2017 11:33"
2006,145,355,149.7,TRUE,"18/08/2017 15:42"
2006,123,164,498.6,TRUE,"21/08/2017 14:17"
2006,285,165,6.4,TRUE,"21/08/2017 09:15"
2006,345,291,117.9,TRUE,"21/08/2017 08:48"
2006,26,184,19.7,TRUE,"18/08/2017 14:53"
2006,188,317,1049.1,TRUE,"14/08/2017 17:51"
2006,169,371,206.8,TRUE,"21/08/2017 09:51"
2006,62,215,122.4,TRUE,"21/08/2017 15:12"
2006,268,244,7.4,TRUE,"18/08/2017 15:05"
2006,99,348,151.8,TRUE,"21/08/2017 10:30"
2006,119,107,215.6,TRUE,"18/08/2017 15:09"
2006,237,26,303.6,TRUE,"21/08/2017 08:46"
2006,163,258,558.3,TRUE,"21/08/2017 12:58"
2006,154,347,6.6,TRUE,"21/08/2017 09:14"
2006,171,332,9.8,TRUE,"21/08/2017 08:07"
2006,104,211,211.1,TRUE,"17/08/2017 17:56"
2006,245,206,449.3,TRUE,"21/08/2017 12:44"
2006,307,314,364.8,TRUE,"21/08/2017 09:47"
2006,114,255,12,TRUE,"18/08/2017 16:31"
2006,313,170,7.7,TRUE,"21/08/2017 12:49"
2006,357,60,503.2,TRUE,"21/08/2017 08:41"
2006,143,32,633,TRUE,"21/08/2017 11:44"
2006,171,191,718.7,TRUE,"14/08/2017 17:15"
2006,146,325,7.2,TRUE,"21/08/2017 08:46"
2006,12,348,64.8,TRUE,"18/08/2017 15:40"
2006,83,200,32.3,TRUE,"21/08/2017 09:00"
2006,152,324,15.7,TRUE,"18/08/2017 15:00"
2006,277,39,10,TRUE,"21/08/2017 08:07"
2006,306,130,768.5,TRUE,"14/08/2017 17:33"
2006,12,184,14.6,TRUE,"14/08/2017 17:51"
2006,316,230,457.6,TRUE,"14/08/2017 16:55"
2006,154,368,57.4,TRUE,"21/08/2017 15:09"
2006,155,270,90.1,TRUE,"21/08/2017 09:41"
2006,101,254,340.2,TRUE,"14/08/2017 17:20"
2006,105,235,151.3,TRUE,"18/08/2017 15:00"
2006,253,301,426.9,TRUE,"21/08/2017 09:40"
2006,354,82,6.8,TRUE,"21/08/2017 08:08"
2006,36,279,780.8,TRUE,"21/08/2017 11:32"
2006,145,184,6.9,TRUE,"21/08/2017 13:57"
2006,83,338,393.5,TRUE,"18/08/2017 16:09"
2006,109,90,135.2,TRUE,"18/08/2017 14:53"
2006,115,351,9.8,TRUE,"21/08/2017 11:19"
2006,311,298,6.9,TRUE,"21/08/2017 09:41"
2006,37,101,573.9,TRUE,"21/08/2017 08:06"
2006,315,128,7.2,TRUE,"21/08/2017 08:48"
2006,84,14,9.4,TRUE,"21/08/2017 09:05"
2006,186,27,8.9,TRUE,"21/08/2017 09:47"
2006,198,265,7.6,TRUE,"18/08/2017 16:34"
2006,104,300,648.5,TRUE,"21/08/2017 10:28"
2006,61,155,587.6,TRUE,"21/08/2017 08:33"
2006,57,188,426.8,TRUE,"21/08/2017 15:08"
2006,309,285,77.8,TRUE,"21/08/2017 10:48"
2006,6,49,342.7,TRUE,"21/08/2017 08:54"
2006,267,290,8.7,TRUE,"21/08/2017 13:57"
2006,212,249,1808.9,TRUE,"14/08/2017 16:34"
2006,168,36,29.9,TRUE,"18/08/2017 14:56"
2006,273,91,277.6,TRUE,"21/08/2017 12:49"
2006,110,101,322.9,TRUE,"18/08/2017 15:54"
2006,158,286,9,TRUE,"18/08/2017 16:34"
2006,302,295,280.3,TRUE,"21/08/2017 11:09"
2006,367,291,834.8,TRUE,"21/08/2017 09:32"
2006,168,288,14.8,TRUE,"14/08/2017 17:15"
2006,216,321,12.3,TRUE,"21/08/2017 08:20"
2006,183,328,306.2,TRUE,"18/08/2017 15:05"
2006,97,70,6.9,TRUE,"21/08/2017 09:00"
2006,237,102,706.4,TRUE,"21/08/2017 14:09"
2006,215,222,262.4,TRUE,"21/08/2017 09:04"
2006,15,250,364.5,TRUE,"18/08/2017 15:48"
2006,254,272,160.8,TRUE,"21/08/2017 08:23"
2006,69,229,6.5,TRUE,"21/08/2017 10:48"
2006,253,313,425.3,TRUE,"21/08/2017 09:58"
2006,345,265,6.3,TRUE,"21/08/2017 07:57"
2006,364,52,378.7,TRUE,"21/08/2017 10:46"
2006,152,107,579.9,TRUE,"21/08/2017 10:40"
2006,3,310,260,TRUE,"21/08/2017 08:20"
2006,93,144,7.8,TRUE,"21/08/2017 13:21"
2006,365,292,49.4,TRUE,"21/08/2017 08:08"
2006,44,236,515.4,TRUE,"18/08/2017 16:17"
2006,219,120,546.5,TRUE,"21/08/2017 15:01"
2006,133,217,144.2,TRUE,"18/08/2017 14:56"
2006,43,222,138.9,TRUE,"21/08/2017 13:24"
2006,66,362,10.1,TRUE,"21/08/2017 08:20"
2006,227,128,5.7,TRUE,"21/08/2017 15:12"
2006,371,178,267.3,TRUE,"21/08/2017 09:14"
2006,308,331,155.4,TRUE,"18/08/2017 16:34"
2006,217,359,479,TRUE,"14/08/2017 17:03"
2006,218,120,387.6,TRUE,"21/08/2017 11:04"
2006,141,230,295.4,TRUE,"21/08/2017 13:21"
2006,191,90,77.3,TRUE,"21/08/2017 10:54"
2006,240,344,1142.1,TRUE,"21/08/2017 10:17"
2006,358,288,5.1,TRUE,"21/08/2017 15:10"
2006,166,259,388.3,TRUE,"21/08/2017 07:57"
2006,44,21,237.6,TRUE,"18/08/2017 16:21"
2006,109,368,106.9,TRUE,"18/08/2017 15:39"
2006,61,153,302.4,TRUE,"18/08/2017 16:26"
2006,372,289,8.6,TRUE,"21/08/2017 10:28"
2006,302,268,2087.3,TRUE,"21/08/2017 14:52"
2006,142,179,8.1,TRUE,"18/08/2017 16:26"
2006,187,261,7.9,TRUE,"21/08/2017 12:59"
2006,203,89,316.7,TRUE,"21/08/2017 09:10"
2006,64,235,272.4,TRUE,"21/08/2017 10:52"
2006,345,51,8,TRUE,"21/08/2017 08:48"
2006,330,350,627.3,TRUE,"21/08/2017 11:19"
2006,84,209,310.2,TRUE,"21/08/2017 08:59"
2006,77,71,531.4,TRUE,"21/08/2017 13:57"
2006,311,134,224.7,TRUE,"21/08/2017 13:27"
2006,349,317,10.5,TRUE,"21/08/2017 15:10"
2006,197,320,65.5,TRUE,"18/08/2017 14:57"
2006,5,135,254.7,TRUE,"18/08/2017 14:51"
2006,334,359,462.2,TRUE,"21/08/2017 08:16"
2000,368,139,57.8,TRUE,"27/07/2017 18:13"
2000,350,365,18.9,TRUE,"29/07/2017 18:22"
2000,2,115,40,TRUE,"29/07/2017 18:00"
2000,61,365,25.8,TRUE,"29/07/2017 18:20"
2000,302,358,40,TRUE,"29/07/2017 18:27"
2000,171,246,12.1,TRUE,"27/07/2017 18:16"
2000,308,328,126.8,TRUE,"29/07/2017 18:08"
2000,107,246,12.2,TRUE,"29/07/2017 17:54"
2000,358,200,25.5,TRUE,"29/07/2017 18:13"
2000,57,237,29.2,TRUE,"29/07/2017 18:00"
2000,109,256,124.9,TRUE,"27/07/2017 18:27"
2000,48,289,29.2,TRUE,"27/07/2017 18:13"
2000,141,72,85.8,TRUE,"29/07/2017 18:05"
2000,364,72,33.2,TRUE,"29/07/2017 18:30"
2000,357,14,17.1,TRUE,"27/07/2017 18:24"
2000,160,72,27.1,TRUE,"27/07/2017 18:19"
2000,225,184,16,TRUE,"27/07/2017 18:14"
2000,253,267,16.5,TRUE,"29/07/2017 18:34"
2000,153,258,79,TRUE,"29/07/2017 18:03"
2000,130,344,27.7,TRUE,"29/07/2017 18:22"
2000,261,27,17.5,TRUE,"27/07/2017 18:25"
2000,190,216,24.3,TRUE,"27/07/2017 18:19"
2000,350,123,36.6,TRUE,"27/07/2017 18:12"
2000,253,123,29.4,TRUE,"29/07/2017 18:21"
2000,354,34,31.3,TRUE,"29/07/2017 18:01"
2000,303,108,5.1,TRUE,"29/07/2017 18:24"
2000,204,321,4.8,TRUE,"29/07/2017 18:33"
2000,302,335,39.5,TRUE,"27/07/2017 18:17"
2000,198,98,22.9,TRUE,"29/07/2017 18:31"
2000,250,240,52.5,TRUE,"27/07/2017 17:59"
2000,44,153,86.5,TRUE,"29/07/2017 18:06"
2000,191,351,24.1,TRUE,"29/07/2017 18:29"
2000,337,165,7,TRUE,"29/07/2017 18:11"
2000,217,209,87.9,TRUE,"27/07/2017 18:01"
2000,291,356,19,TRUE,"29/07/2017 18:28"
2000,169,197,31.7,TRUE,"27/07/2017 18:20"
2000,212,91,22.9,TRUE,"29/07/2017 18:22"
2000,345,179,66.7,TRUE,"27/07/2017 18:11"
2000,268,222,54.5,TRUE,"27/07/2017 18:32"
2000,306,359,36.5,TRUE,"27/07/2017 18:22"
2000,371,207,33.6,TRUE,"29/07/2017 17:56"
2000,225,313,82.4,TRUE,"27/07/2017 17:58"
2000,21,80,32.5,TRUE,"27/07/2017 18:33"
2000,52,230,43.2,TRUE,"27/07/2017 17:59"
2000,333,192,55.2,TRUE,"29/07/2017 17:57"
2000,302,347,4.5,TRUE,"29/07/2017 18:27"
2000,60,291,40,TRUE,"27/07/2017 18:35"
2000,126,138,58.6,TRUE,"29/07/2017 18:12"
2000,354,334,36.7,TRUE,"27/07/2017 18:34"
2000,22,289,26.7,TRUE,"29/07/2017 18:34"
2000,352,218,95.8,TRUE,"29/07/2017 18:10"
2000,258,269,49,TRUE,"29/07/2017 18:26"
2000,101,70,15,TRUE,"29/07/2017 18:11"
2000,15,145,39.9,TRUE,"27/07/2017 18:22"
2000,37,233,34.5,TRUE,"27/07/2017 18:36"
2000,215,120,71.8,TRUE,"27/07/2017 17:54"
2000,100,190,66.8,TRUE,"27/07/2017 18:23"
2000,146,93,67.5,TRUE,"27/07/2017 18:18"
2000,222,311,15.1,TRUE,"29/07/2017 18:32"
2000,215,224,44.5,TRUE,"29/07/2017 18:33"
2000,330,172,35,TRUE,"29/07/2017 18:03"
2000,333,263,14.5,TRUE,"29/07/2017 18:20"
2000,178,324,5.7,TRUE,"29/07/2017 18:33"
2000,365,154,62.9,TRUE,"29/07/2017 18:23"
2000,169,109,64.9,TRUE,"27/07/2017 18:15"
2000,333,290,14.9,TRUE,"29/07/2017 18:27"
2000,203,249,32.8,TRUE,"29/07/2017 17:54"
2000,307,368,21.4,TRUE,"29/07/2017 18:12"
2000,197,249,32.6,TRUE,"29/07/2017 18:11"
2000,43,66,95.3,TRUE,"27/07/2017 18:09"
2000,84,219,56.5,TRUE,"27/07/2017 18:25"
2000,215,137,12.1,TRUE,"27/07/2017 18:30"
2000,30,243,55.6,TRUE,"27/07/2017 18:37"
2000,212,372,37.3,TRUE,"29/07/2017 18:26"
2000,273,64,37.6,TRUE,"29/07/2017 18:29"
2000,352,367,38.6,TRUE,"29/07/2017 17:55"
2000,164,137,21.9,TRUE,"29/07/2017 18:21"
2000,87,130,34.3,TRUE,"29/07/2017 18:28"
2000,188,30,61,TRUE,"27/07/2017 17:56"
2000,101,251,65.1,TRUE,"27/07/2017 18:21"
2000,245,144,21,TRUE,"27/07/2017 18:31"
2000,92,69,57.6,TRUE,"27/07/2017 18:10"
2000,253,279,26.6,TRUE,"29/07/2017 18:32"
2000,362,229,12,TRUE,"27/07/2017 18:14"
2000,147,129,72.2,TRUE,"27/07/2017 17:55"
2000,160,116,11.3,TRUE,"29/07/2017 18:25"
2000,143,236,20.9,TRUE,"29/07/2017 18:35"
2000,102,303,33,TRUE,"27/07/2017 18:10"
2000,228,32,37.5,TRUE,"27/07/2017 18:32"
2000,22,43,22.3,TRUE,"29/07/2017 18:30"
2000,38,92,138.8,TRUE,"29/07/2017 17:59"
2000,222,105,18.6,TRUE,"29/07/2017 18:24"
2000,45,71,14.5,TRUE,"29/07/2017 18:31"
2000,338,164,35.9,TRUE,"27/07/2017 18:36"
2000,315,310,151.9,TRUE,"27/07/2017 18:07"
2000,335,90,187,TRUE,"27/07/2017 18:30"
2000,133,265,12,TRUE,"29/07/2017 18:02"
2000,86,184,5.2,TRUE,"29/07/2017 18:27"
2000,240,75,8.7,TRUE,"29/07/2017 18:31"
2000,266,253,55.1,TRUE,"27/07/2017 18:34"
2000,351,265,10.8,TRUE,"27/07/2017 18:05"
2000,345,295,18.6,TRUE,"29/07/2017 18:25"
2000,286,82,9.4,TRUE,"29/07/2017 17:56"
2000,114,46,77.4,TRUE,"27/07/2017 18:03"
2000,92,93,248.9,TRUE,"29/07/2017 18:20"
2000,322,344,18.7,TRUE,"29/07/2017 18:24"
2000,134,332,64.3,TRUE,"27/07/2017 18:16"
2000,49,261,20.7,TRUE,"29/07/2017 17:54"
2000,307,80,12.7,TRUE,"29/07/2017 18:34"
2000,87,71,176,TRUE,"29/07/2017 18:16"
2000,128,288,24.9,TRUE,"27/07/2017 18:03"
2000,11,149,35.6,TRUE,"29/07/2017 18:32"
2000,69,107,40.5,TRUE,"27/07/2017 18:19"
2000,267,69,50.2,TRUE,"27/07/2017 18:02"
2000,279,156,55.3,TRUE,"27/07/2017 18:04"
2000,77,298,8.2,TRUE,"29/07/2017 17:55"
2000,198,126,31.4,TRUE,"29/07/2017 18:01"
2000,236,255,11.1,TRUE,"29/07/2017 18:24"
2000,145,261,7.5,TRUE,"29/07/2017 18:29"
2016,216,298,14.9,TRUE,"07/08/2017 20:21"
2016,187,361,33.1,TRUE,"07/08/2017 20:22"
2016,371,272,47.2,TRUE,"07/08/2017 20:18"
2016,299,348,19.4,TRUE,"07/08/2017 20:17"
2016,289,39,8.3,TRUE,"07/08/2017 20:12"
2016,147,143,48.8,TRUE,"07/08/2017 20:23"
2016,245,90,28.9,TRUE,"07/08/2017 20:20"
2016,133,306,40,TRUE,"07/08/2017 20:14"
2016,225,286,13.1,TRUE,"07/08/2017 20:18"
2016,250,65,60.6,TRUE,"07/08/2017 20:13"
2016,266,156,10.2,TRUE,"07/08/2017 20:15"
2016,168,86,36.3,TRUE,"07/08/2017 20:19"
2016,34,324,22,TRUE,"07/08/2017 20:19"
2016,142,274,42.9,TRUE,"07/08/2017 20:21"
2016,313,344,56.3,TRUE,"07/08/2017 20:17"
2016,307,170,10.4,TRUE,"07/08/2017 20:15"
2016,130,179,19.3,TRUE,"07/08/2017 20:17"
2016,147,209,37.1,TRUE,"07/08/2017 20:16"
2016,104,197,42.5,TRUE,"07/08/2017 20:20"
2016,49,356,38,TRUE,"07/08/2017 20:15"
2013,30,39,6.2,TRUE,"15/08/2017 20:35"
2013,361,11,251.8,TRUE,"15/08/2017 20:14"
2013,237,306,165.9,TRUE,"15/08/2017 20:29"
2013,203,75,11.1,TRUE,"15/08/2017 21:02"
2013,11,6,4.7,TRUE,"15/08/2017 20:35"
2013,129,355,21.3,TRUE,"15/08/2017 21:02"
2013,227,144,14.1,TRUE,"15/08/2017 20:32"
2013,322,138,91.3,TRUE,"15/08/2017 20:34"
2013,273,134,6,TRUE,"15/08/2017 20:44"
2013,98,72,16.5,TRUE,"15/08/2017 21:00"
2013,307,358,306.7,TRUE,"15/08/2017 20:44"
2013,350,247,16.5,TRUE,"15/08/2017 21:02"
2013,307,258,22.1,TRUE,"15/08/2017 20:56"
2013,57,331,206.4,TRUE,"15/08/2017 19:44"
2013,330,77,150.8,TRUE,"15/08/2017 20:07"
2013,135,320,64.6,TRUE,"15/08/2017 20:57"
2013,239,144,16.8,TRUE,"15/08/2017 20:01"
2013,263,108,3.1,TRUE,"15/08/2017 21:00"
2013,308,197,229.2,TRUE,"15/08/2017 20:20"
2013,316,292,41.7,TRUE,"15/08/2017 19:37"
2013,315,138,178.7,TRUE,"15/08/2017 20:53"
2013,95,258,223.2,TRUE,"15/08/2017 19:40"
2013,65,324,17.4,TRUE,"15/08/2017 20:25"
2013,43,362,8.3,TRUE,"15/08/2017 21:02"
2013,188,246,18.5,TRUE,"15/08/2017 20:59"
2013,52,314,176.5,TRUE,"15/08/2017 19:47"
2013,135,331,612,TRUE,"27/07/2017 08:45"
2013,96,292,54.4,TRUE,"15/08/2017 20:33"
2013,83,121,146,TRUE,"15/08/2017 20:50"
2013,259,324,7.9,TRUE,"15/08/2017 19:37"
2013,367,244,6.5,TRUE,"15/08/2017 20:38"
2013,372,217,167.2,TRUE,"15/08/2017 20:10"
2013,233,49,170.4,TRUE,"15/08/2017 20:37"
2013,22,268,200.9,TRUE,"15/08/2017 19:57"
2013,269,298,8.6,TRUE,"15/08/2017 20:59"
2013,314,154,114.9,TRUE,"15/08/2017 20:59"
2013,194,168,196.8,TRUE,"15/08/2017 20:04"
2013,196,316,102.6,TRUE,"15/08/2017 21:01"
2013,163,105,250.5,TRUE,"15/08/2017 20:01"
2013,183,97,116,TRUE,"15/08/2017 20:16"
2013,57,105,118.3,TRUE,"15/08/2017 20:27"
2013,228,121,107.6,TRUE,"15/08/2017 19:53"
2013,372,190,136.2,TRUE,"15/08/2017 20:32"
2013,133,48,231.7,TRUE,"15/08/2017 20:48"
2013,266,95,63.5,TRUE,"15/08/2017 20:24"
2013,279,328,115.1,TRUE,"15/08/2017 20:23"
2013,32,75,82.1,TRUE,"15/08/2017 20:39"
2013,272,27,2.8,TRUE,"15/08/2017 19:37"
2013,109,120,281.1,TRUE,"15/08/2017 19:51"
2013,279,5,111.7,TRUE,"15/08/2017 20:21"
2013,313,204,125.9,TRUE,"15/08/2017 20:56"
2005,37,169,35.2,TRUE,"08/08/2017 20:35"
2005,250,362,9.9,TRUE,"08/08/2017 09:42"
2005,118,152,367.2,TRUE,"27/07/2017 12:25"
2005,2,156,7.4,TRUE,"08/08/2017 20:59"
2005,242,191,132.2,TRUE,"08/08/2017 20:34"
2005,236,80,80.3,TRUE,"27/07/2017 17:39"
2005,277,196,231.2,TRUE,"27/07/2017 09:20"
2005,227,160,396.1,TRUE,"08/08/2017 09:06"
2005,354,43,326.3,TRUE,"08/08/2017 09:14"
2005,242,128,47.6,TRUE,"27/07/2017 13:13"
2005,348,325,84.5,TRUE,"27/07/2017 09:24"
2005,178,372,6.9,TRUE,"27/07/2017 09:23"
2005,276,322,88.2,TRUE,"08/08/2017 20:31"
2005,137,38,7,TRUE,"08/08/2017 20:35"
2005,258,137,130.3,TRUE,"08/08/2017 09:42"
2005,85,117,33.6,TRUE,"08/08/2017 21:07"
2005,224,166,195.4,TRUE,"27/07/2017 09:39"
2005,183,308,267.1,TRUE,"27/07/2017 13:38"
2005,122,49,496.9,TRUE,"27/07/2017 08:50"
2005,143,358,42.6,TRUE,"08/08/2017 21:02"
2005,339,237,264.3,TRUE,"27/07/2017 09:12"
2005,192,331,24.9,TRUE,"08/08/2017 21:06"
2005,225,235,20.4,TRUE,"08/08/2017 21:04"
2005,38,82,24.4,TRUE,"27/07/2017 17:22"
2005,338,97,228.6,TRUE,"08/08/2017 20:52"
2005,104,356,29,TRUE,"08/08/2017 20:44"
2005,61,34,209.3,TRUE,"27/07/2017 13:07"
2005,85,358,221.8,TRUE,"27/07/2017 09:16"
2005,367,170,167.3,TRUE,"27/07/2017 17:00"
2005,235,116,84.3,TRUE,"08/08/2017 09:23"
2005,87,301,50.5,TRUE,"08/08/2017 21:05"
2005,2,367,71.5,TRUE,"08/08/2017 21:01"
2005,96,324,55.6,TRUE,"27/07/2017 17:08"
2005,291,93,47.8,TRUE,"08/08/2017 17:48"
2005,71,51,68.3,TRUE,"27/07/2017 09:35"
2005,194,348,32.7,TRUE,"27/07/2017 17:23"
2005,159,119,174.9,TRUE,"27/07/2017 17:37"
2005,218,286,278.8,TRUE,"27/07/2017 16:39"
2005,146,263,79.7,TRUE,"08/08/2017 09:37"
2005,116,27,63.3,TRUE,"27/07/2017 17:09"
2005,235,254,95.8,TRUE,"27/07/2017 13:42"
2005,227,254,80.8,TRUE,"27/07/2017 17:19"
2005,164,129,310.9,TRUE,"08/08/2017 20:57"
2005,87,219,96.8,TRUE,"27/07/2017 17:25"
2005,309,245,160.9,TRUE,"08/08/2017 17:51"
2005,81,109,77.7,TRUE,"08/08/2017 09:40"
2005,120,64,122.4,TRUE,"08/08/2017 20:38"
2005,209,97,141.9,TRUE,"08/08/2017 09:19"
2005,188,179,15.2,TRUE,"08/08/2017 20:59"
2005,333,240,294.2,TRUE,"27/07/2017 17:04"
2005,200,307,7.7,TRUE,"27/07/2017 09:20"
2005,196,335,817.7,TRUE,"27/07/2017 09:04"
2005,335,263,410,TRUE,"27/07/2017 17:32"
2005,122,298,9.2,TRUE,"27/07/2017 17:23"
2005,348,347,24.8,TRUE,"27/07/2017 09:16"
2005,218,141,143.3,TRUE,"08/08/2017 09:36"
2005,193,247,58.9,TRUE,"27/07/2017 12:50"
2005,339,82,13.8,TRUE,"08/08/2017 09:22"
2005,126,219,1423.7,TRUE,"27/07/2017 12:49"
2005,143,28,160.7,TRUE,"27/07/2017 17:22"
2005,65,258,19.4,TRUE,"08/08/2017 21:00"
2005,355,172,949.4,TRUE,"27/07/2017 13:29"
2005,50,36,144.2,TRUE,"27/07/2017 13:04"
2005,174,130,245.9,TRUE,"27/07/2017 13:33"
2005,261,362,4,TRUE,"08/08/2017 21:01"
2005,259,104,207.2,TRUE,"27/07/2017 17:13"
2005,350,206,87.1,TRUE,"08/08/2017 20:58"
2005,314,190,112.1,TRUE,"08/08/2017 09:16"
2005,58,51,3.5,TRUE,"08/08/2017 20:30"
2005,371,39,19.8,TRUE,"27/07/2017 17:18"
2005,160,365,198.1,TRUE,"08/08/2017 20:41"
2005,355,270,107.1,TRUE,"27/07/2017 16:41"
2005,300,311,74.1,TRUE,"08/08/2017 17:47"
2005,145,226,227.7,TRUE,"27/07/2017 09:08"
2005,367,65,132.6,TRUE,"28/07/2017 13:27"
2005,168,121,167.6,TRUE,"27/07/2017 13:40"
2005,239,209,376.8,TRUE,"27/07/2017 16:49"
2005,143,106,312.9,TRUE,"27/07/2017 13:12"
2005,308,101,164.7,TRUE,"08/08/2017 09:34"
2005,203,26,64.7,TRUE,"27/07/2017 09:22"
2005,273,6,159.2,TRUE,"27/07/2017 17:07"
2005,311,139,2,TRUE,"08/08/2017 20:59"
2005,168,212,562.5,TRUE,"27/07/2017 09:33"
2005,158,204,172,TRUE,"27/07/2017 17:34"
2005,45,58,13.3,TRUE,"27/07/2017 09:16"
2005,242,153,6.4,TRUE,"08/08/2017 20:59"
2005,85,311,109.3,TRUE,"08/08/2017 09:21"
2005,12,75,9.9,TRUE,"08/08/2017 20:59"
2005,365,320,101.6,TRUE,"27/07/2017 16:43"
2005,105,320,40.3,TRUE,"08/08/2017 21:03"
2005,183,290,62.3,TRUE,"27/07/2017 09:23"
2005,207,246,29,TRUE,"08/08/2017 20:45"
2005,310,114,251.2,TRUE,"08/08/2017 09:31"
2005,115,324,24.6,TRUE,"08/08/2017 09:24"
2005,295,258,114.6,TRUE,"27/07/2017 13:44"
2005,6,14,64.3,TRUE,"08/08/2017 09:20"
2005,256,93,91.2,TRUE,"08/08/2017 09:39"
2005,22,229,6.9,TRUE,"08/08/2017 20:35"
2005,99,128,2.1,TRUE,"08/08/2017 20:59"
2005,273,96,76.4,TRUE,"08/08/2017 20:36"
2005,272,135,46.9,TRUE,"08/08/2017 21:02"
2005,276,102,186.3,TRUE,"08/08/2017 09:27"
2005,91,64,147.2,TRUE,"08/08/2017 20:44"
2005,58,66,18.6,TRUE,"08/08/2017 21:06"
2005,191,192,467.2,TRUE,"27/07/2017 16:57"
2005,308,69,41.8,TRUE,"08/08/2017 20:48"
2005,302,90,59.4,TRUE,"08/08/2017 21:04"
2005,86,229,4.3,TRUE,"08/08/2017 21:01"
2005,99,303,305.6,TRUE,"27/07/2017 17:18"
2005,12,242,7.8,TRUE,"27/07/2017 09:34"
2005,173,126,77,TRUE,"08/08/2017 21:08"
2005,6,27,4.8,TRUE,"08/08/2017 20:59"
2005,36,139,49.5,TRUE,"27/07/2017 09:36"
2005,219,334,148.3,TRUE,"08/08/2017 20:47"
2005,344,64,680,TRUE,"27/07/2017 13:01"
2005,354,242,139.2,TRUE,"08/08/2017 09:08"
2005,290,2,24.9,TRUE,"27/07/2017 09:04"
2005,77,134,270.8,TRUE,"08/08/2017 20:30"
2005,212,247,48.2,TRUE,"08/08/2017 09:14"
2008,85,194,40.8,TRUE,"20/08/2017 17:56"
2008,251,341,44.3,TRUE,"20/08/2017 17:54"
2008,333,98,91.5,TRUE,"20/08/2017 16:43"
2008,330,274,75.1,TRUE,"20/08/2017 17:59"
2008,52,45,155.4,TRUE,"28/07/2017 09:29"
2008,310,166,227.1,TRUE,"28/07/2017 09:56"
2008,276,184,10.7,TRUE,"28/07/2017 10:05"
2008,209,269,5,TRUE,"20/08/2017 17:11"
2008,303,39,18.4,TRUE,"28/07/2017 10:38"
2008,186,22,215.8,TRUE,"20/08/2017 17:45"
2008,276,99,154.5,TRUE,"28/07/2017 09:19"
2008,171,104,347.3,TRUE,"28/07/2017 11:36"
2008,242,361,276,TRUE,"20/08/2017 17:21"
2008,274,227,280.3,TRUE,"28/07/2017 11:30"
2008,303,139,22.4,TRUE,"20/08/2017 16:52"
2008,61,128,5.2,TRUE,"20/08/2017 17:06"
2008,250,48,92.3,TRUE,"20/08/2017 17:08"
2008,242,98,258.1,TRUE,"28/07/2017 09:10"
2008,272,255,26.9,TRUE,"20/08/2017 16:52"
2008,217,246,11.4,TRUE,"20/08/2017 16:50"
2008,62,301,171.6,TRUE,"28/07/2017 09:41"
2008,100,311,67.4,TRUE,"20/08/2017 16:47"
2008,211,274,122.4,TRUE,"20/08/2017 16:50"
2008,367,3,506.6,TRUE,"28/07/2017 10:56"
2008,228,156,153.6,TRUE,"28/07/2017 09:31"
2008,159,211,268.3,TRUE,"28/07/2017 10:04"
2008,173,22,189.8,TRUE,"28/07/2017 10:44"
2008,186,250,490.8,TRUE,"28/07/2017 10:25"
2008,155,229,119.5,TRUE,"28/07/2017 09:26"
2008,328,165,6.4,TRUE,"28/07/2017 10:09"
2008,152,293,130,TRUE,"28/07/2017 10:11"
2008,172,193,150.3,TRUE,"20/08/2017 17:39"
2008,110,325,15.9,TRUE,"20/08/2017 16:48"
2008,46,359,195.2,TRUE,"28/07/2017 11:10"
2008,242,255,59.1,TRUE,"28/07/2017 11:00"
2008,133,246,6.8,TRUE,"28/07/2017 10:32"
2008,306,119,482.4,TRUE,"28/07/2017 11:20"
2008,137,356,15.1,TRUE,"20/08/2017 17:55"
2008,101,91,85.3,TRUE,"20/08/2017 16:44"
2008,316,106,159.9,TRUE,"20/08/2017 17:49"
2008,183,12,193.4,TRUE,"28/07/2017 09:45"
2008,192,292,40.6,TRUE,"20/08/2017 16:57"
2008,224,160,199.2,TRUE,"20/08/2017 17:00"
2008,85,75,9.8,TRUE,"28/07/2017 11:06"
2008,341,14,110.6,TRUE,"28/07/2017 10:07"
2008,141,206,154.2,TRUE,"20/08/2017 17:23"
2008,339,90,160.9,TRUE,"28/07/2017 09:22"
2008,96,316,90.4,TRUE,"28/07/2017 09:06"
2008,337,93,61.1,TRUE,"20/08/2017 17:56"
2008,110,247,42.6,TRUE,"28/07/2017 10:41"
2008,256,26,312.1,TRUE,"28/07/2017 11:25"
2008,215,154,26.9,TRUE,"20/08/2017 16:57"
2008,239,174,8.1,TRUE,"20/08/2017 17:32"
2008,133,121,255.7,TRUE,"28/07/2017 09:16"
2008,335,45,296.4,TRUE,"20/08/2017 17:16"
2008,364,60,132.3,TRUE,"28/07/2017 11:12"
2008,190,225,47.2,TRUE,"20/08/2017 17:31"
2008,339,335,82.4,TRUE,"20/08/2017 16:54"
2008,84,204,205.1,TRUE,"28/07/2017 09:52"
2008,91,292,104.2,TRUE,"28/07/2017 09:12"
2008,46,317,18.2,TRUE,"20/08/2017 16:44"
2008,243,216,11.7,TRUE,"20/08/2017 16:52"
2008,77,309,89.7,TRUE,"28/07/2017 10:08"
2008,2,247,17.4,TRUE,"20/08/2017 17:11"
2008,267,256,95.5,TRUE,"20/08/2017 17:53"
2008,48,173,303.1,TRUE,"28/07/2017 10:32"
2008,98,97,158.2,TRUE,"28/07/2017 10:59"
2008,147,36,43.5,TRUE,"20/08/2017 17:46"
2008,178,123,175.1,TRUE,"20/08/2017 17:42"
2008,333,71,61.1,TRUE,"20/08/2017 17:57"
2008,191,108,7.3,TRUE,"20/08/2017 17:42"
2008,81,263,172.5,TRUE,"20/08/2017 17:11"
2008,89,86,195.2,TRUE,"20/08/2017 17:31"
2008,85,332,5.9,TRUE,"28/07/2017 11:30"
2008,147,134,356.1,TRUE,"28/07/2017 10:38"
2008,154,259,296.9,TRUE,"28/07/2017 09:04"
2008,170,320,153.3,TRUE,"28/07/2017 10:14"
2008,243,356,28.8,TRUE,"28/07/2017 11:37"
2008,356,188,34.9,TRUE,"20/08/2017 16:41"
2008,183,164,75,TRUE,"20/08/2017 16:40"
2008,316,174,45.7,TRUE,"20/08/2017 16:55"
2008,331,99,120,TRUE,"28/07/2017 10:27"
2008,226,188,80.9,TRUE,"28/07/2017 10:05"
2008,302,321,7.3,TRUE,"28/07/2017 10:08"
2008,116,179,7.5,TRUE,"20/08/2017 17:56"
2008,163,38,23.8,TRUE,"20/08/2017 16:56"
2008,288,39,8.2,TRUE,"28/07/2017 11:36"
2008,311,6,4.5,TRUE,"28/07/2017 10:17"
2008,28,217,97.3,TRUE,"28/07/2017 11:38"
2008,277,293,26.4,TRUE,"20/08/2017 16:53"
2008,37,324,12.5,TRUE,"28/07/2017 09:56"
2008,316,267,205.3,TRUE,"28/07/2017 11:06"
2008,120,30,26.1,TRUE,"20/08/2017 16:45"
2008,333,295,34.1,TRUE,"20/08/2017 17:51"
2008,228,43,153.6,TRUE,"28/07/2017 09:59"
2008,117,300,271.6,TRUE,"28/07/2017 09:49"
2008,240,80,58.7,TRUE,"20/08/2017 16:46"
2008,341,135,68,TRUE,"28/07/2017 10:12"
2008,117,204,14.5,TRUE,"20/08/2017 16:48"
2008,106,230,132.6,TRUE,"28/07/2017 10:41"
2008,11,129,78.8,TRUE,"20/08/2017 16:51"
2008,61,142,213.1,TRUE,"28/07/2017 10:48"
2008,270,235,159.6,TRUE,"28/07/2017 09:38"
2008,61,364,68.4,TRUE,"20/08/2017 17:51"
2008,196,28,219.6,TRUE,"20/08/2017 17:06"
2008,122,86,34.8,TRUE,"20/08/2017 17:54"
2008,333,276,280.8,TRUE,"20/08/2017 17:36"
2008,364,193,167.3,TRUE,"28/07/2017 11:03"
2008,15,246,8.9,TRUE,"28/07/2017 11:36"
2008,212,225,132.7,TRUE,"20/08/2017 17:03"
2008,249,229,6.9,TRUE,"28/07/2017 11:10"
2008,155,102,257.4,TRUE,"28/07/2017 09:36"
2008,358,28,253.4,TRUE,"20/08/2017 17:27"
2008,6,226,139.6,TRUE,"28/07/2017 09:24"
2008,92,121,52.3,TRUE,"20/08/2017 17:50"
2008,172,70,132.6,TRUE,"28/07/2017 10:17"
2008,194,317,41.8,TRUE,"28/07/2017 09:19"
2008,80,207,23.5,TRUE,"20/08/2017 16:45"
2008,228,126,35.8,TRUE,"20/08/2017 16:56"
2003,309,332,25.3,TRUE,"15/08/2017 11:14"
2003,101,85,208.2,TRUE,"15/08/2017 07:04"
2003,152,331,80.6,TRUE,"14/08/2017 22:20"
2003,267,348,76.7,TRUE,"15/08/2017 10:27"
2003,69,86,94.8,TRUE,"15/08/2017 11:13"
2003,307,174,73.7,TRUE,"14/08/2017 21:54"
2003,274,206,234.7,TRUE,"15/08/2017 05:44"
2003,100,149,83.3,TRUE,"15/08/2017 10:40"
2003,65,26,92,TRUE,"15/08/2017 06:26"
2003,240,362,60.6,TRUE,"15/08/2017 06:14"
2003,190,255,154.3,TRUE,"15/08/2017 06:50"
2003,243,245,3.9,TRUE,"15/08/2017 10:18"
2003,273,92,155,TRUE,"15/08/2017 06:55"
2003,118,186,374.1,TRUE,"14/08/2017 22:09"
2003,164,109,189.8,TRUE,"14/08/2017 21:37"
2003,367,306,281.2,TRUE,"15/08/2017 06:10"
2003,137,254,179.1,TRUE,"14/08/2017 22:19"
2003,80,218,80.6,TRUE,"14/08/2017 22:02"
2003,142,211,83,TRUE,"15/08/2017 11:07"
2003,236,331,163.8,TRUE,"15/08/2017 10:31"
2003,215,52,88.6,TRUE,"15/08/2017 11:08"
2003,361,169,242.8,TRUE,"14/08/2017 21:48"
2003,3,322,110.4,TRUE,"15/08/2017 10:33"
2003,289,32,206.9,TRUE,"15/08/2017 06:06"
2003,261,90,122,TRUE,"15/08/2017 06:31"
2003,193,191,169.3,TRUE,"15/08/2017 06:53"
2003,352,237,79.2,TRUE,"14/08/2017 22:25"
2003,115,194,79.8,TRUE,"15/08/2017 11:09"
2003,87,129,221.2,TRUE,"15/08/2017 07:08"
2003,102,345,126.5,TRUE,"14/08/2017 22:36"
2003,44,216,27.8,TRUE,"15/08/2017 10:39"
2003,299,337,186,TRUE,"15/08/2017 06:02"
2003,50,120,96.8,TRUE,"15/08/2017 10:47"
2003,117,98,125.2,TRUE,"14/08/2017 21:52"
2003,188,269,34.4,TRUE,"15/08/2017 11:04"
2003,365,270,81.6,TRUE,"14/08/2017 22:15"
2003,91,265,56.1,TRUE,"15/08/2017 07:10"
2003,28,60,174.9,TRUE,"15/08/2017 11:03"
2003,267,303,45,TRUE,"14/08/2017 22:24"
2003,225,256,78.6,TRUE,"15/08/2017 11:16"
2003,227,325,52.7,TRUE,"14/08/2017 21:53"
2003,58,107,84.6,TRUE,"14/08/2017 21:40"
2003,215,184,61.6,TRUE,"15/08/2017 10:45"
2003,146,96,129.3,TRUE,"14/08/2017 22:28"
2003,364,251,116.6,TRUE,"15/08/2017 10:44"
2003,110,192,291.1,TRUE,"15/08/2017 05:57"
2003,300,93,130.4,TRUE,"15/08/2017 07:15"
2003,191,332,49.7,TRUE,"15/08/2017 07:16"
2003,133,226,158.2,TRUE,"07/08/2017 22:59"
2003,97,249,67.6,TRUE,"15/08/2017 10:55"
2003,218,173,245.8,TRUE,"14/08/2017 22:32"
2003,116,139,146.1,TRUE,"15/08/2017 06:40"
2003,45,66,68.3,TRUE,"15/08/2017 10:35"
2003,96,256,186.7,TRUE,"14/08/2017 22:23"
2003,293,179,71.3,TRUE,"15/08/2017 06:17"
2003,306,203,129.3,TRUE,"15/08/2017 06:19"
2003,250,72,37.7,TRUE,"14/08/2017 21:55"
2003,87,196,99.2,TRUE,"15/08/2017 11:00"
2003,355,119,78.4,TRUE,"14/08/2017 22:14"
2003,21,291,159.5,TRUE,"15/08/2017 06:13"
2003,209,298,29,TRUE,"15/08/2017 11:04"
2003,295,134,110.5,TRUE,"15/08/2017 06:45"
2003,308,75,123.6,TRUE,"15/08/2017 06:21"
2003,71,14,109.7,TRUE,"15/08/2017 10:37"
2003,362,39,37.6,TRUE,"15/08/2017 10:34"
2003,198,133,1037.7,TRUE,"14/08/2017 21:33"
2003,179,229,13.8,TRUE,"14/08/2017 22:34"
2003,372,350,201.8,TRUE,"14/08/2017 22:13"
2003,272,156,42.7,TRUE,"14/08/2017 22:16"
2003,198,263,84.7,TRUE,"15/08/2017 11:11"
2003,233,172,141.5,TRUE,"15/08/2017 06:37"
2003,107,165,45.3,TRUE,"14/08/2017 21:50"
2003,338,371,63,TRUE,"15/08/2017 10:28"
2003,61,240,297.6,TRUE,"14/08/2017 22:00"
2003,174,228,87.1,TRUE,"15/08/2017 10:58"
2003,143,21,113.9,TRUE,"15/08/2017 06:43"
2003,255,207,78.2,TRUE,"07/08/2017 22:57"
2003,72,138,90.4,TRUE,"15/08/2017 10:48"
2003,149,249,107.6,TRUE,"15/08/2017 07:01"
2003,187,114,191.2,TRUE,"15/08/2017 06:29"
2003,349,153,102.3,TRUE,"15/08/2017 10:57"
2003,222,108,64.4,TRUE,"07/08/2017 22:55"
2003,277,64,120.3,TRUE,"15/08/2017 10:50"
2003,51,75,25.7,TRUE,"14/08/2017 22:32"
2003,99,320,81.5,TRUE,"15/08/2017 07:09"
2003,359,330,145.1,TRUE,"14/08/2017 21:42"
2003,341,36,158.3,TRUE,"15/08/2017 10:21"
2003,145,160,125.3,TRUE,"15/08/2017 10:39"
2003,277,207,36.8,TRUE,"15/08/2017 11:14"
2003,49,290,59.5,TRUE,"15/08/2017 06:41"
2003,306,126,81,TRUE,"15/08/2017 07:20"
2003,333,242,103.6,TRUE,"15/08/2017 10:42"
2003,89,246,37.1,TRUE,"15/08/2017 06:40"
2003,37,335,149.4,TRUE,"15/08/2017 07:27"
2003,302,69,132,TRUE,"15/08/2017 06:47"
2003,279,244,49,TRUE,"14/08/2017 21:49"
2003,259,226,148.8,TRUE,"15/08/2017 07:18"
2003,123,368,131.1,TRUE,"15/08/2017 10:23"
2003,117,310,157.4,TRUE,"15/08/2017 07:13"
2003,352,45,140.4,TRUE,"15/08/2017 05:59"
2003,172,286,110.4,TRUE,"15/08/2017 07:25"
2003,266,235,89.7,TRUE,"15/08/2017 06:15"
2003,28,291,125.2,TRUE,"14/08/2017 21:44"
2003,114,51,81.4,TRUE,"15/08/2017 06:22"
2003,58,301,187,TRUE,"15/08/2017 10:26"
2003,106,38,117.6,TRUE,"15/08/2017 10:54"
2003,270,347,12.9,TRUE,"15/08/2017 06:26"
2003,163,209,116.3,TRUE,"15/08/2017 10:52"
2003,22,128,209.6,TRUE,"15/08/2017 05:48"
2003,84,48,79.7,TRUE,"14/08/2017 22:03"
2003,141,71,240.6,TRUE,"15/08/2017 05:52"
2003,299,351,99.8,TRUE,"15/08/2017 06:35"
2003,345,209,108.1,TRUE,"14/08/2017 22:34"
2003,251,219,193.8,TRUE,"15/08/2017 07:23"
2003,30,75,69.3,TRUE,"15/08/2017 11:05"
2003,2,222,97.7,TRUE,"15/08/2017 07:29"
2003,253,64,185.5,TRUE,"15/08/2017 06:58"
2003,212,344,129.4,TRUE,"15/08/2017 06:33"
2003,115,357,108.3,TRUE,"15/08/2017 06:24"
