School,Judge,Candidate.Chosen,Candidate.Not.Chosen
4052,288,88,89
4052,288,88,109
4052,288,81,109
4052,288,81,95
4052,288,82,95
4052,288,82,87
4052,288,104,87
4052,288,104,93
4052,288,102,93
4052,288,107,102
4052,288,107,105
4052,288,105,92
4052,288,85,92
4052,288,106,85
4052,288,106,91
4052,288,91,810
4052,288,810,94
4052,288,83,94
4052,288,83,84
4052,288,1010,84
4052,288,101,1010
4052,288,101,86
4052,288,103,86
4052,331,85,104
4052,331,104,93
4052,331,89,93
4052,331,82,89
4052,331,810,82
4052,331,95,810
4052,331,101,95
4052,331,103,101
4052,331,103,81
4052,331,81,1010
4052,331,91,1010
4052,331,91,86
4052,331,86,87
4052,331,87,106
4052,331,106,102
4052,331,102,105
4052,331,109,105
4052,331,109,83
4052,331,83,107
4052,331,107,92
4052,331,92,84
4052,331,84,94
4052,331,94,88
4052,294,103,83
4052,294,83,91
4052,294,94,91
4052,294,82,94
4052,294,81,82
4052,294,93,87
4052,294,89,93
4052,294,1010,89
4052,294,1010,109
4052,294,107,109
4052,294,107,82
4052,294,82,105
4052,294,103,105
4052,294,103,94
4052,294,94,810
4052,294,810,84
4052,294,104,84
4052,294,104,91
4052,294,88,91
4052,294,81,88
4052,294,81,102
4052,294,85,102
4052,294,86,85
4052,294,106,86
4052,294,101,106
4052,294,101,92
4052,294,83,92
4052,294,83,95
4052,305,83,91
4052,305,104,106
4052,305,104,89
4052,305,85,89
4052,305,85,93
4052,305,105,93
4052,305,105,810
4052,305,95,810
4052,305,84,95
4052,305,109,84
4052,305,86,109
4052,305,83,86
4052,305,83,94
4052,305,87,94
4052,305,101,87
4052,305,101,1010
4052,305,88,1010
4052,305,88,92
4052,305,103,92
4052,305,103,82
4052,305,82,102
4052,305,102,91
4052,305,107,91
4052,305,81,107
4052,305,107,83
4052,305,83,104
4052,305,104,103
4052,305,103,91
4052,305,91,87
4052,305,87,92
4052,305,92,105
4052,305,105,93
4052,305,93,81
4052,305,88,81
4052,305,88,810
4052,305,810,109
4052,305,109,84
4052,305,84,102
4052,305,102,106
4052,305,106,1010
4052,305,101,1010
4052,305,101,82
4052,305,82,94
4052,286,86,102
4052,286,105,102
4052,286,105,109
4052,286,82,109
4052,286,82,95
4052,286,95,91
4052,286,91,93
4052,286,92,93
4052,286,106,92
4052,286,106,1010
4052,286,1010,89
4052,286,89,94
4052,286,84,94
4052,286,84,104
4052,286,104,87
4052,286,88,87
4052,286,88,83
4052,286,83,103
4052,286,103,85
4052,286,101,85
4052,286,101,107
4052,286,107,810
4052,286,810,81
4052,286,105,83
4052,286,105,94
4052,286,94,85
4052,286,85,87
4052,286,87,86
4052,286,86,82
4052,286,810,82
4052,286,102,810
4052,286,102,95
4052,286,91,95
4052,286,101,91
4052,286,101,93
4052,286,107,93
4052,286,107,81
4052,286,103,81
4052,286,103,84
4052,286,84,89
4052,286,106,89
4052,286,106,109
4052,286,109,92
4052,286,88,92
4052,286,88,1010
4052,286,1010,104
4052,306,107,93
4052,306,85,93
4052,306,85,109
4052,306,102,109
4052,306,104,102
4052,306,104,94
4052,306,94,91
4052,306,83,91
4052,306,81,83
4052,306,81,87
4052,306,87,89
4052,306,103,89
4052,306,103,82
4052,306,82,95
4052,306,95,92
4052,306,92,84
4052,306,1010,84
4052,306,101,1010
4052,306,105,101
4052,306,86,105
4052,306,86,88
4052,306,106,88
4052,306,106,810
4052,314,810,84
4052,314,87,84
4052,314,87,91
4052,314,102,91
4052,314,104,102
4052,314,103,104
4052,314,103,109
4052,314,109,94
4052,314,101,94
4052,314,101,82
4052,314,95,82
4052,314,1010,95
4052,314,1010,92
4052,314,106,92
4052,314,81,106
4052,314,81,89
4052,314,86,89
4052,314,85,86
4052,314,85,105
4052,314,105,93
4052,314,88,93
4052,314,88,83
4052,314,83,107
4052,289,103,810
4052,289,81,810
4052,289,81,86
4052,289,1010,86
4052,289,1010,107
4052,289,107,93
4052,289,89,93
4052,289,82,89
4052,289,106,82
4052,289,106,102
4052,289,102,92
4052,289,101,92
4052,289,101,84
4052,289,95,84
4052,289,85,95
4052,289,83,85
4052,289,104,83
4052,289,104,88
4052,289,105,88
4052,289,105,91
4052,289,94,91
4052,289,109,94
4052,289,109,87
4052,281,89,92
4052,281,101,89
4052,281,105,101
4052,281,105,94
4052,281,83,94
4052,281,83,95
4052,281,93,95
4052,281,93,810
4052,281,85,810
4052,281,81,85
4052,281,1010,81
4052,281,1010,91
4052,281,103,91
4052,281,103,87
4052,281,107,87
4052,281,107,82
4052,281,109,82
4052,281,106,109
4052,281,106,86
4052,281,86,84
4052,281,104,84
4052,281,104,102
4052,281,88,102
4052,299,103,104
4052,299,104,84
4052,299,84,93
4052,299,107,93
4052,299,107,87
4052,299,87,82
4052,299,82,91
4052,299,89,91
4052,299,85,89
4052,299,85,1010
4052,299,86,1010
4052,299,88,86
4052,299,83,88
4052,299,83,810
4052,299,810,109
4052,299,109,95
4052,299,95,92
4052,299,101,92
4052,299,106,101
4052,299,106,81
4052,299,81,94
4052,299,102,94
4052,299,105,102
4052,282,86,84
4052,282,82,84
4052,282,82,95
4052,282,109,95
4052,282,109,81
4052,282,105,81
4052,282,105,87
4052,282,87,89
4052,282,102,89
4052,282,88,102
4052,282,88,92
4052,282,106,92
4052,282,103,106
4052,282,1010,103
4052,282,1010,107
4052,282,107,94
4052,282,101,94
4052,282,101,91
4052,282,810,91
4052,282,85,810
4052,282,85,93
4052,282,104,93
4052,282,83,104
4052,319,107,95
4052,319,107,810
4052,319,89,810
4052,319,89,102
4052,319,81,102
4052,319,81,92
4052,319,85,92
4052,319,85,94
4052,319,82,94
4052,319,83,82
4052,319,104,83
4052,319,104,91
4052,319,1010,91
4052,319,1010,101
4052,319,84,101
4052,319,88,84
4052,319,109,88
4052,319,86,109
4052,319,105,86
4052,319,87,105
4052,319,103,87
4052,319,93,103
4052,319,106,93
4052,329,810,93
4052,329,810,103
4052,329,103,95
4052,329,95,81
4052,329,85,81
4052,329,85,91
4052,329,109,91
4052,329,106,109
4052,329,106,86
4052,329,86,92
4052,329,101,92
4052,329,1010,101
4052,329,107,1010
4052,329,104,107
4052,329,104,87
4052,329,87,94
4052,329,88,94
4052,329,88,84
4052,329,83,84
4052,329,83,89
4052,329,82,89
4052,329,105,82
4052,329,105,102
4052,295,101,92
4052,295,101,91
4052,295,91,82
4052,295,94,82
4052,295,94,85
4052,295,81,85
4052,295,103,81
4052,295,104,103
4052,295,104,89
4052,295,89,106
4052,295,106,84
4052,295,109,84
4052,295,107,109
4052,295,107,102
4052,295,87,102
4052,295,95,87
4052,295,1010,95
4052,295,105,1010
4052,295,105,86
4052,295,86,88
4052,295,88,810
4052,295,93,810
4052,295,83,93
4052,300,105,810
4052,300,105,109
4052,300,109,102
4052,300,93,102
4052,300,86,93
4052,300,86,91
4052,300,107,91
4052,300,1010,107
4052,300,103,1010
4052,300,103,84
4052,300,89,84
4052,300,89,85
4052,300,85,95
4052,300,95,82
4052,300,101,82
4052,300,101,83
4052,300,83,106
4052,300,106,88
4052,300,104,88
4052,300,104,92
4052,300,87,92
4052,300,81,87
4052,300,81,94
4052,297,102,93
4052,297,102,85
4052,297,87,85
4052,297,83,87
4052,297,83,91
4052,297,104,91
4052,297,103,104
4052,297,103,1010
4052,297,1010,89
4052,297,105,89
4052,297,105,92
4052,297,81,92
4052,297,81,109
4052,297,109,106
4052,297,106,84
4052,297,810,84
4052,297,107,810
4052,297,88,107
4052,297,86,88
4052,297,86,95
4052,297,95,94
4052,297,101,94
4052,297,82,101
4052,290,105,88
4052,290,105,93
4052,290,93,95
4052,290,101,95
4052,290,101,87
4052,290,102,87
4052,290,102,82
4052,290,82,94
4052,290,92,94
4052,290,86,92
4052,290,83,86
4052,290,81,83
4052,290,85,81
4052,290,85,1010
4052,290,103,1010
4052,290,103,91
4052,290,109,91
4052,290,810,109
4052,290,89,810
4052,322,95,91
4052,322,91,104
4052,322,104,105
4052,322,107,105
4052,322,84,107
4052,322,82,84
4052,322,82,101
4052,322,109,101
4052,322,109,85
4052,322,85,89
4052,322,1010,89
4052,322,106,1010
4052,322,106,87
4052,322,87,83
4052,322,83,86
4052,322,88,86
4052,322,88,810
4052,322,103,810
4052,322,103,92
4052,322,92,94
4052,322,94,102
4052,322,102,81
4052,322,81,93
4052,303,105,88
4052,303,88,82
4052,303,810,82
4052,303,84,810
4052,303,101,84
4052,303,101,104
4052,303,104,102
4052,303,81,102
4052,303,1010,81
4052,303,1010,86
4052,303,86,91
4052,303,89,91
4052,303,92,89
4052,303,92,109
4052,303,109,85
4052,303,85,94
4052,303,93,94
4052,303,83,93
4052,303,87,83
4052,303,87,106
4052,303,107,106
4052,303,107,103
4052,303,103,95
4052,278,1010,89
4052,278,82,89
4052,278,82,86
4052,278,93,86
4052,278,87,93
4052,278,87,107
4052,278,107,84
4052,278,81,84
4052,278,81,105
4052,278,105,91
4052,278,91,88
4052,278,88,85
4052,278,94,85
4052,278,94,95
4052,278,104,95
4052,278,104,102
4052,278,810,102
4052,278,101,810
4052,278,101,109
4052,278,109,92
4052,278,106,92
4052,278,83,106
4052,278,103,83
4052,313,1010,93
4052,313,93,92
4052,313,105,92
4052,313,105,82
4052,313,82,84
4052,313,83,84
4052,313,83,106
4052,313,106,95
4052,313,101,95
4052,313,107,101
4052,313,107,85
4052,313,85,94
4052,313,87,94
4052,313,109,87
4052,313,810,109
4052,313,86,810
4052,313,86,102
4052,313,104,102
4052,313,81,104
4052,313,81,91
4052,313,103,91
4052,313,103,88
4052,313,88,89
4052,292,91,94
4052,292,89,94
4052,292,89,88
4052,292,810,92
4052,292,84,92
4052,292,86,84
4052,292,1010,86
4052,292,1010,104
4052,292,104,81
4052,292,81,93
4052,292,102,93
4052,292,102,107
4052,292,82,107
4052,292,82,95
4052,292,103,95
4052,292,103,101
4052,292,101,83
4052,292,87,83
4052,292,87,105
4052,292,106,105
4052,292,106,109
4052,292,85,109
5403,418,1010,105
5403,418,1010,102
5403,418,88,102
5403,418,83,88
5403,418,104,83
5403,418,104,91
5403,418,109,91
5403,418,109,107
5403,418,107,103
5403,418,103,92
5403,418,106,92
5403,418,106,810
5403,418,101,810
5403,418,101,82
5403,418,82,84
5403,418,85,84
5403,418,87,94
5403,418,86,95
5403,418,86,94
5403,418,89,87
5403,418,89,93
5403,420,93,102
5403,420,83,93
5403,420,83,89
5403,420,104,89
5403,420,104,109
5403,420,82,109
5403,420,82,84
5403,420,103,84
5403,420,103,1010
5403,420,106,1010
5403,420,106,94
5403,420,101,94
5403,420,101,95
5403,420,810,95
5403,420,86,810
5403,420,86,88
5403,420,107,88
5403,420,107,92
5403,420,85,92
5403,420,85,105
5403,420,81,105
5403,420,81,87
5403,420,87,91
5403,409,101,85
5403,409,1010,85
5403,409,106,1010
5403,409,106,92
5403,409,88,92
5403,409,102,88
5403,409,103,102
5403,409,103,84
5403,409,83,84
5403,409,83,82
5403,409,82,86
5403,409,81,91
5403,409,86,91
5403,409,102,86
5403,409,109,102
5403,409,810,109
5403,409,82,810
5403,409,82,95
5403,409,95,84
5403,409,107,84
5403,409,107,89
5403,409,89,92
5403,409,106,92
5403,409,106,101
5403,409,104,101
5403,409,104,83
5403,409,83,85
5403,409,85,93
5403,409,105,93
5403,409,103,105
5403,409,103,88
5403,409,88,94
5403,409,1010,94
5403,409,87,1010
5403,419,81,85
5403,419,81,84
5403,419,107,84
5403,419,104,107
5403,419,104,95
5403,419,101,95
5403,419,101,810
5403,419,810,102
5403,419,87,102
5403,419,87,93
5403,419,103,93
5403,419,103,91
5403,419,83,91
5403,419,88,83
5403,419,88,105
5403,419,105,1010
5403,419,1010,86
5403,419,86,94
5403,419,106,94
5403,419,106,82
5403,419,82,92
5403,419,109,92
5403,419,109,89
5403,401,83,84
5403,401,810,84
5403,401,101,810
5403,401,101,102
5403,401,105,102
5403,401,105,89
5403,401,92,89
5403,401,92,94
5403,401,88,94
5403,401,88,93
5403,401,107,93
5403,401,107,106
5403,401,106,87
5403,401,81,87
5403,401,81,1010
5403,401,1010,85
5403,401,104,85
5403,401,86,104
5403,401,109,86
5403,401,103,109
5403,401,103,91
5403,401,82,91
5403,401,82,95
5403,400,87,81
5403,400,87,93
5403,400,85,93
5403,400,85,95
5403,400,102,95
5403,400,102,94
5403,400,83,94
5403,400,107,83
5403,400,107,88
5403,400,88,89
5403,400,82,89
5403,400,82,84
5403,400,104,84
5403,400,104,86
5403,400,86,101
5403,400,105,101
5403,400,105,91
5403,400,91,109
5403,400,103,109
5403,400,1010,103
5403,400,810,1010
5403,400,92,810
5403,400,92,106
5403,413,89,92
5403,413,89,85
5403,413,104,85
5403,413,104,106
5403,413,106,84
5403,413,810,84
5403,413,102,810
5403,413,87,102
5403,413,87,82
5403,413,101,82
5403,413,101,83
5403,413,83,95
5403,413,107,95
5403,413,107,94
5403,413,94,93
5403,413,103,93
5403,413,103,88
5403,413,88,81
5403,413,105,81
5403,413,105,1010
5403,413,1010,86
5403,413,86,109
5403,413,91,109
5403,422,92,810
5403,422,1010,92
5403,422,1010,87
5403,422,87,94
5403,422,94,95
5403,422,95,88
5403,422,109,88
5403,422,107,109
5403,422,107,101
5403,422,101,105
5403,422,105,93
5403,422,106,93
5403,422,83,106
5403,422,83,102
5403,422,102,86
5403,422,86,104
5403,422,81,104
5403,422,81,85
5403,422,103,85
5403,422,103,84
5403,422,91,84
5403,422,91,89
5403,422,82,89
5403,408,103,104
5403,408,104,84
5403,408,84,92
5403,408,85,92
5403,408,85,89
5403,408,107,89
5403,408,107,1010
5403,408,87,1010
5403,408,87,93
5403,408,101,95
5403,408,101,106
5403,408,95,91
5403,408,109,91
5403,408,109,102
5403,408,86,81
5403,408,105,86
5403,408,88,105
5403,408,82,88
5403,408,94,82
5403,408,83,94
5403,404,103,89
5403,404,85,89
5403,404,85,86
5403,404,86,81
5403,404,1010,81
5403,404,1010,91
5403,404,810,93
5403,404,91,810
5403,404,93,87
5403,404,87,104
5403,404,104,83
5403,404,83,101
5403,404,101,94
5403,404,82,94
5403,404,92,82
5403,404,92,106
5403,404,106,84
5403,404,87,810
5403,404,105,810
5403,404,83,105
5403,404,82,83
5403,404,82,1010
5403,404,1010,94
5403,404,92,94
5403,404,92,88
5403,404,88,101
5403,404,101,103
5403,404,81,103
5403,404,93,81
5403,404,106,93
5403,404,106,104
5403,404,104,85
5403,404,85,109
5403,404,109,107
5403,404,107,91
5403,404,91,102
5403,404,102,95
5403,404,95,86
5403,404,86,89
5403,404,89,84
5403,412,83,87
5403,412,1010,87
5403,412,102,1010
5403,412,102,93
5403,412,93,94
5403,412,88,94
5403,412,88,106
5403,412,104,106
5403,412,104,86
5403,412,95,91
5403,412,105,91
5403,412,105,92
5403,412,107,92
5403,412,107,89
5403,412,103,89
5403,412,85,103
5403,412,85,82
5403,412,82,101
5403,412,810,81
5403,412,81,84
5403,412,84,109
5403,412,101,810
5403,414,81,82
5403,414,82,91
5403,414,105,91
5403,414,1010,105
5403,414,1010,92
5403,414,92,84
5403,414,95,84
5403,414,101,95
5403,414,101,89
5403,414,106,89
5403,414,106,107
5403,414,107,810
5403,414,810,93
5403,414,83,93
5403,414,83,103
5403,414,103,102
5403,414,102,109
5403,414,109,85
5403,414,88,94
5403,414,85,88
5403,414,94,86
5403,414,87,86
5403,414,104,87
5403,416,101,87
5403,416,87,85
5403,416,85,93
5403,416,106,93
5403,416,106,86
5403,416,109,86
5403,416,92,109
5403,416,81,92
5403,416,81,810
5403,416,84,810
5403,416,102,84
5403,416,102,94
5403,416,82,94
5403,416,82,95
5403,416,95,88
5403,416,105,88
5403,416,105,103
5403,416,103,91
5403,416,91,104
5403,416,83,104
5403,416,89,83
5403,416,107,89
5403,416,107,1010
5403,396,83,86
5403,396,107,83
5403,396,107,85
5403,396,81,85
5403,396,87,81
5403,396,87,95
5403,396,104,95
5403,396,109,104
5403,396,101,109
5403,396,101,94
5403,396,94,93
5403,396,84,93
5403,396,84,91
5403,396,82,91
5403,396,103,82
5403,396,103,102
5403,396,105,102
5403,396,1010,105
5403,396,1010,810
5403,396,106,810
5403,396,88,106
5403,396,88,89
5403,396,89,92
5403,423,85,89
5403,423,85,91
5403,423,106,91
5403,423,86,106
5403,423,104,86
5403,423,83,104
5403,423,83,103
5403,423,107,103
5403,423,1010,107
5403,423,1010,105
5403,423,105,102
5403,423,101,102
5403,423,101,94
5403,423,94,84
5403,423,95,84
5403,423,95,93
5403,423,810,93
5403,423,810,92
5403,423,92,82
5403,423,109,82
5403,423,109,81
5403,423,87,81
5403,423,88,87
5403,425,1010,103
5403,425,1010,810
5403,425,104,101
5403,425,101,810
5403,425,104,88
5403,425,105,88
5403,425,105,102
5403,425,102,94
5403,425,84,94
5403,425,107,84
5403,425,107,85
5403,425,85,91
5403,425,87,91
5403,425,87,89
5403,425,89,93
5403,425,93,109
5403,425,109,95
5403,425,86,95
5403,425,86,81
5403,425,83,81
5403,425,92,83
5403,425,106,92
5403,425,106,82
5403,425,103,93
5403,425,91,93
5403,425,104,91
5403,425,104,88
5403,425,88,102
5403,425,102,81
5403,425,81,82
5403,425,82,84
5403,425,84,101
5403,425,101,105
5403,425,105,86
5403,425,86,95
5403,425,95,87
5403,425,87,89
5403,425,89,85
5403,425,85,94
5403,425,94,109
5403,425,109,106
5403,425,107,106
5403,425,107,810
5403,425,810,92
5403,425,1010,92
5403,425,1010,83
5403,398,95,85
5403,398,810,85
5403,398,1010,810
5403,398,1010,84
5403,398,92,84
5403,398,92,101
5403,398,101,102
5403,398,107,102
5403,398,107,94
5403,398,94,103
5403,398,82,103
5403,398,82,91
5403,398,91,106
5403,398,106,104
5403,398,105,88
5403,398,86,105
5403,398,89,109
5403,398,104,86
5403,398,88,89
5403,398,109,81
5403,398,81,93
5403,398,93,83
5403,398,83,87
5403,398,102,810
5403,398,105,810
5403,398,105,106
5403,398,94,106
5403,398,94,84
5403,398,83,84
5403,398,83,91
5403,398,91,86
5403,398,81,86
5403,398,81,101
5403,398,101,95
5403,398,1010,95
5403,398,1010,82
5403,398,82,92
5403,398,92,93
5403,398,93,89
5403,398,89,104
5403,398,104,109
5403,398,109,103
5403,398,103,85
5403,398,85,107
5403,398,107,88
5403,398,88,87
5403,406,83,93
5403,406,1010,93
5403,406,1010,104
5403,406,104,84
5403,406,109,84
5403,406,109,105
5403,406,81,105
5403,406,81,94
5403,406,94,92
5403,406,87,92
5403,406,87,107
5403,406,106,107
5403,406,106,88
5403,406,88,95
5403,406,86,95
5403,406,86,89
5403,406,89,85
5403,406,85,102
5403,406,101,102
5403,406,101,82
5403,406,82,810
5403,406,103,810
5403,406,103,91
5403,417,105,94
5403,417,94,84
5403,417,102,84
5403,417,82,102
5403,417,107,82
5403,417,107,87
5403,417,87,88
5403,417,88,103
5403,417,103,83
5403,417,83,104
5403,417,109,86
5403,417,86,810
5403,417,85,810
5403,417,85,106
5403,417,106,101
5403,417,101,91
5403,417,91,92
5403,417,92,1010
5403,417,1010,93
5403,417,93,81
5403,417,81,89
5403,417,95,89
5403,399,89,109
5403,399,84,109
5403,399,85,84
5403,399,87,85
5403,399,104,103
5403,399,82,86
5403,399,101,82
5403,399,86,91
5403,399,93,91
5403,399,88,93
5403,399,1010,88
5403,399,107,1010
5403,399,107,105
5403,399,105,102
5403,399,83,102
5403,399,83,95
5403,399,810,95
5403,399,810,92
5403,399,81,92
5403,399,81,106
5403,399,106,94
5403,410,109,102
5403,410,109,84
5403,410,104,84
5403,410,104,89
5403,410,89,91
5403,410,95,91
5403,410,107,95
5403,410,107,87
5403,410,87,810
5403,410,810,93
5403,410,82,93
5403,410,82,103
5403,410,103,88
5403,410,101,88
5403,410,101,105
5403,410,106,105
5403,410,106,94
5403,410,94,86
5403,410,86,1010
5403,410,81,1010
5403,410,81,83
5403,410,83,92
5403,410,85,92
5403,403,88,92
5403,403,86,89
5403,403,102,89
5403,403,103,102
5403,403,103,95
5403,403,105,95
5403,403,105,101
5403,403,104,101
5403,403,83,104
5403,403,83,84
5403,403,85,84
5403,403,106,85
5403,403,107,106
5403,403,107,94
5403,403,82,94
5403,403,82,93
5403,403,93,109
5403,403,109,92
5403,403,81,92
5403,403,81,87
5403,403,87,810
5403,403,91,810
5403,403,1010,91
5403,403,88,1010
5403,421,105,810
5403,421,88,81
5403,421,85,88
5403,421,85,84
5403,421,109,84
5403,421,109,95
5403,421,107,95
5403,421,107,89
5403,421,101,89
5403,421,82,101
5403,421,103,82
5403,421,103,102
5403,421,102,94
5403,421,93,94
5403,421,83,93
5403,421,92,83
5403,421,106,92
5403,421,106,91
5403,421,1010,91
5403,421,87,1010
5403,421,104,87
5403,421,104,86
5403,407,89,109
5403,407,107,102
5403,407,102,1010
5403,407,104,1010
5403,407,104,88
5403,407,88,86
5403,407,101,86
5403,407,101,84
5403,407,92,82
5403,407,91,87
5403,407,94,91
5403,407,93,94
5403,407,105,93
5403,407,103,105
5403,407,83,103
5403,407,95,83
5403,407,109,81
5403,407,87,92
5403,407,81,82
5403,407,105,82
5403,407,105,107
5403,407,103,107
5403,407,103,101
5403,407,101,88
5403,407,88,91
5403,407,104,91
5403,407,104,85
5403,407,85,102
5403,407,87,102
5403,407,87,83
5403,407,83,84
5403,407,84,92
5403,407,106,92
5403,407,106,86
5403,407,103,102
5403,407,89,102
5403,407,89,88
5403,407,88,91
5403,407,83,91
5403,407,83,106
5403,407,106,94
5403,407,84,94
5403,407,84,92
5403,407,86,92
5403,407,86,109
5403,407,101,109
5403,407,101,1010
5403,407,1010,81
5403,407,85,81
5403,407,85,104
5403,407,104,93
5403,407,105,93
5403,407,105,107
5403,407,107,95
5403,407,810,95
5403,407,810,82
5403,407,87,82
5403,402,101,102
5403,402,102,82
5403,402,88,82
5403,402,107,88
5403,402,107,95
5403,402,95,94
5403,402,94,91
5403,402,92,91
5403,402,92,85
5403,402,105,85
5403,402,93,104
5403,402,83,106
5403,402,89,83
5403,402,104,84
5403,402,810,89
5403,402,109,810
5403,402,1010,109
5403,402,106,93
5403,402,87,81
5403,402,86,103
5403,402,84,86
5403,424,103,86
5403,424,86,93
5403,424,93,810
5403,424,87,810
5403,424,84,87
5403,424,109,84
5403,424,102,109
5403,424,102,91
5403,424,88,91
5403,424,88,101
5403,424,81,101
5403,424,83,81
5403,424,83,92
5403,424,82,92
5403,424,82,95
5403,424,105,95
5403,424,105,94
5403,424,1010,94
5403,424,1010,89
5403,424,85,89
5403,424,106,85
5403,424,104,106
5403,424,107,104
5403,405,103,101
5403,405,103,91
5403,405,106,102
5403,405,88,102
5403,405,88,1010
5403,405,1010,91
5403,405,101,91
5403,405,109,101
5403,405,109,89
5403,405,89,82
5403,405,82,92
5403,405,92,94
5403,405,94,84
5403,405,81,84
5403,405,810,81
5403,405,87,810
5403,405,87,93
5403,405,107,93
5403,405,83,107
5403,405,105,83
5403,405,104,105
5403,405,104,86
5403,405,86,85
5403,405,85,103
5403,405,103,95
8454038,481,106,88
8454038,481,88,82
8454038,481,89,82
8454038,481,89,84
8454038,481,107,84
8454038,481,107,93
8454038,481,83,93
8454038,481,83,85
8454038,481,85,109
8454038,481,109,102
8454038,481,1010,102
8454038,481,1010,94
8454038,481,91,94
8454038,481,101,91
8454038,481,87,101
8454038,481,87,105
8454038,481,104,105
8454038,481,104,92
8454038,481,95,92
8454038,481,103,95
8454038,481,103,86
8454038,466,84,91
8454038,466,84,810
8454038,466,85,810
8454038,466,107,85
8454038,466,107,101
8454038,466,101,109
8454038,466,104,109
8454038,466,86,104
8454038,466,86,89
8454038,466,103,89
8454038,466,103,95
8454038,466,89,95
8454038,466,95,82
8454038,466,82,85
8454038,466,85,101
8454038,466,101,106
8454038,466,106,86
8454038,466,86,1010
8454038,466,88,93
8454038,466,93,92
8454038,466,1010,103
8454038,466,92,81
8454038,466,103,88
8454038,466,81,104
8454038,466,104,102
8454038,466,102,87
8454038,466,87,109
8454038,466,109,91
8454038,482,87,91
8454038,482,107,87
8454038,482,103,107
8454038,482,103,109
8454038,482,109,102
8454038,482,106,102
8454038,482,106,95
8454038,482,95,810
8454038,482,81,810
8454038,482,81,94
8454038,482,82,94
8454038,482,101,82
8454038,482,101,104
8454038,482,105,104
8454038,482,105,92
8454038,482,84,92
8454038,482,1010,84
8454038,482,89,1010
8454038,482,89,93
8454038,482,83,93
8454038,482,83,86
8454038,482,88,86
8454038,482,88,85
8454038,483,107,109
8454038,483,107,89
8454038,483,86,89
8454038,483,86,93
8454038,483,101,93
8454038,483,105,101
8454038,483,103,105
8454038,483,103,85
8454038,483,85,81
8454038,483,1010,81
8454038,483,1010,95
8454038,483,95,87
8454038,483,87,91
8454038,483,102,91
8454038,483,102,810
8454038,483,83,810
8454038,483,83,94
8454038,483,82,94
8454038,483,88,82
8454038,483,88,106
8454038,483,104,106
8454038,483,104,84
8454038,483,84,92
8454038,467,82,89
8454038,467,89,91
8454038,467,105,91
8454038,467,84,105
8454038,467,87,84
8454038,467,88,87
8454038,467,88,810
8454038,467,810,103
8454038,467,103,109
8454038,467,93,109
8454038,467,94,93
8454038,467,81,94
8454038,467,92,81
8454038,467,101,92
8454038,467,104,101
8454038,467,1010,104
8454038,467,1010,107
8454038,467,107,95
8454038,467,95,85
8454038,467,83,85
8454038,467,86,83
8454038,467,106,86
8454038,467,102,106
8454038,484,85,88
8454038,484,88,106
8454038,484,106,105
8454038,484,89,105
8454038,484,83,89
8454038,484,86,83
8454038,484,101,86
8454038,484,101,92
8454038,484,94,92
8454038,484,107,94
8454038,484,103,107
8454038,484,103,102
8454038,484,102,87
8454038,484,81,87
8454038,484,109,81
8454038,484,104,109
8454038,484,1010,104
8454038,484,1010,91
8454038,484,84,91
8454038,484,84,95
8454038,484,93,95
8454038,484,82,93
8454038,484,810,82
8454038,485,101,88
8454038,485,94,88
8454038,485,91,94
8454038,485,82,91
8454038,485,82,92
8454038,485,107,92
8454038,485,107,81
8454038,485,86,81
8454038,485,109,86
8454038,485,1010,109
8454038,485,85,1010
8454038,485,103,85
8454038,485,103,102
8454038,485,83,102
8454038,485,83,810
8454038,485,84,810
8454038,485,104,84
8454038,485,106,104
8454038,485,106,87
8454038,485,87,95
8454038,485,95,93
8454038,485,105,93
8454038,485,89,105
8454038,468,91,82
8454038,468,101,82
8454038,468,101,87
8454038,468,87,92
8454038,468,92,93
8454038,468,105,93
8454038,468,105,85
8454038,468,85,810
8454038,468,103,810
8454038,468,102,109
8454038,468,102,91
8454038,468,91,93
8454038,468,93,92
8454038,468,88,92
8454038,468,87,88
8454038,468,94,87
8454038,468,103,109
8454038,468,109,810
8454038,468,91,810
8454038,468,104,91
8454038,468,104,107
8454038,468,107,82
8454038,468,105,82
8454038,468,105,101
8454038,468,85,101
8454038,468,86,85
8454038,468,86,87
8454038,468,87,84
8454038,468,94,84
8454038,468,81,94
8454038,468,81,89
8454038,468,106,89
8454038,468,106,88
8454038,468,88,95
8454038,468,102,95
8454038,468,83,102
8454038,468,1010,83
8454038,468,1010,92
8454038,468,93,92
8454038,486,94,810
8454038,486,810,92
8454038,486,92,104
8454038,486,104,89
8454038,486,89,103
8454038,486,103,84
8454038,486,88,84
8454038,486,88,91
8454038,486,91,93
8454038,486,93,109
8454038,486,109,83
8454038,486,83,105
8454038,486,105,107
8454038,486,107,102
8454038,486,102,85
8454038,486,85,106
8454038,486,106,95
8454038,486,95,87
8454038,486,87,101
8454038,486,101,1010
8454038,486,1010,86
8454038,486,86,81
8454038,486,81,82
8454038,469,86,87
8454038,469,88,87
8454038,469,103,88
8454038,469,103,107
8454038,469,107,91
8454038,469,810,91
8454038,469,106,810
8454038,469,104,106
8454038,469,104,102
8454038,469,102,85
8454038,469,85,93
8454038,469,1010,93
8454038,469,1010,95
8454038,469,95,84
8454038,469,84,92
8454038,469,81,92
8454038,469,83,81
8454038,469,82,83
8454038,469,82,109
8454038,469,109,101
8454038,469,89,101
8454038,469,89,94
8454038,469,105,94
8454038,487,82,88
8454038,487,82,101
8454038,487,106,101
8454038,487,104,106
8454038,487,104,81
8454038,487,81,92
8454038,487,103,92
8454038,487,103,109
8454038,487,83,109
8454038,487,86,83
8454038,487,87,86
8454038,487,810,87
8454038,487,105,810
8454038,487,105,89
8454038,487,91,89
8454038,487,102,91
8454038,487,95,102
8454038,487,107,95
8454038,487,94,107
8454038,487,1010,94
8454038,487,1010,85
8454038,487,84,85
8454038,487,84,93
8454038,470,105,88
8454038,470,88,109
8454038,470,109,91
8454038,470,101,91
8454038,470,103,101
8454038,470,103,102
8454038,470,102,81
8454038,470,104,81
8454038,470,104,89
8454038,470,89,86
8454038,470,106,86
8454038,470,1010,106
8454038,470,1010,87
8454038,470,87,93
8454038,470,94,93
8454038,470,92,94
8454038,470,84,92
8454038,470,85,84
8454038,470,85,95
8454038,470,95,107
8454038,470,107,82
8454038,470,82,810
8454038,470,83,810
8454038,471,106,89
8454038,471,95,89
8454038,471,95,91
8454038,471,91,84
8454038,471,87,84
8454038,471,105,87
8454038,471,105,86
8454038,471,86,810
8454038,471,810,101
8454038,471,101,1010
8454038,471,109,94
8454038,471,1010,109
8454038,471,94,81
8454038,471,81,102
8454038,471,104,102
8454038,471,104,85
8454038,471,85,88
8454038,471,88,92
8454038,471,92,93
8454038,471,82,93
8454038,471,83,82
8454038,471,103,83
8454038,471,107,103
8454038,472,101,107
8454038,472,107,89
8454038,472,104,89
8454038,472,86,104
8454038,472,86,85
8454038,472,85,82
8454038,472,82,102
8454038,472,102,93
8454038,472,93,88
8454038,472,88,105
8454038,472,105,84
8454038,472,84,810
8454038,472,810,95
8454038,472,95,83
8454038,472,83,94
8454038,472,94,81
8454038,472,81,1010
8454038,472,1010,106
8454038,472,106,92
8454038,472,92,109
8454038,472,109,103
8454038,472,103,87
8454038,472,87,91
8454038,489,93,1010
8454038,489,93,101
8454038,489,87,101
8454038,489,92,87
8454038,489,92,88
8454038,489,88,86
8454038,489,106,86
8454038,489,106,95
8454038,489,94,95
8454038,489,94,89
8454038,489,104,89
8454038,489,102,104
8454038,489,102,91
8454038,489,91,85
8454038,489,85,105
8454038,489,105,103
8454038,489,103,109
8454038,489,109,81
8454038,489,81,83
8454038,489,83,810
8454038,489,810,82
8454038,489,82,107
8454038,489,107,84
8454038,490,92,85
8454038,490,85,82
8454038,490,83,82
8454038,490,103,83
8454038,490,103,94
8454038,490,88,94
8454038,490,104,88
8454038,490,104,93
8454038,490,93,91
8454038,490,102,91
8454038,490,106,102
8454038,490,106,101
8454038,490,107,101
8454038,490,107,86
8454038,490,86,89
8454038,490,89,810
8454038,490,87,810
8454038,490,109,87
8454038,490,95,1010
8454038,490,1010,105
8454038,490,105,84
8454038,490,84,81
8454038,490,95,109
8454038,491,103,109
8454038,491,103,95
8454038,491,81,95
8454038,491,81,102
8454038,491,102,93
8454038,491,85,93
8454038,491,88,85
8454038,491,101,88
8454038,491,107,101
8454038,491,107,94
8454038,491,94,810
8454038,491,83,810
8454038,491,84,83
8454038,491,86,84
8454038,491,86,82
8454038,491,104,82
8454038,491,92,104
8454038,491,91,92
8454038,491,106,91
8454038,491,106,87
8454038,491,105,87
8454038,491,105,89
8454038,491,1010,89
8454038,491,107,88
8454038,491,107,103
8454038,492,101,84
8454038,492,105,101
8454038,492,105,83
8454038,492,83,86
8454038,492,86,810
8454038,492,88,810
8454038,492,104,88
8454038,492,104,91
8454038,492,87,91
8454038,492,95,87
8454038,492,103,95
8454038,492,103,107
8454038,492,107,109
8454038,492,109,93
8454038,492,1010,93
8454038,492,106,1010
8454038,492,106,82
8454038,492,82,94
8454038,492,81,94
8454038,492,81,102
8454038,492,102,85
8454038,492,85,89
8454038,492,89,92
8454038,475,84,92
8454038,475,83,84
8454038,475,107,83
8454038,475,89,107
8454038,475,86,89
8454038,475,86,101
8454038,475,104,101
8454038,475,104,810
8454038,475,109,810
8454038,475,88,109
8454038,475,91,88
8454038,475,87,91
8454038,475,87,105
8454038,475,1010,94
8454038,475,94,105
8454038,475,1010,95
8454038,475,95,106
8454038,475,106,102
8454038,475,102,82
8454038,475,82,85
8454038,475,85,81
8454038,475,81,93
8454038,475,93,103
8454038,493,83,810
8454038,493,83,92
8454038,493,109,92
8454038,493,103,109
8454038,493,103,95
8454038,493,105,95
8454038,493,105,101
8454038,493,101,91
8454038,493,94,91
8454038,493,86,94
8454038,493,107,86
8454038,493,107,84
8454038,493,104,84
8454038,493,104,82
8454038,493,82,85
8454038,493,85,89
8454038,493,89,102
8454038,493,102,88
8454038,493,1010,88
8454038,493,1010,106
8454038,493,106,87
8454038,493,87,93
8454038,493,81,93
8454038,494,1010,103
8454038,494,103,84
8454038,494,89,84
8454038,494,83,89
8454038,494,83,87
8454038,494,87,810
8454038,494,81,810
8454038,494,106,81
8454038,494,106,94
8454038,494,94,86
8454038,494,85,86
8454038,494,107,85
8454038,494,95,107
8454038,494,101,95
8454038,494,101,109
8454038,494,82,109
8454038,494,82,93
8454038,494,93,91
8454038,494,105,91
8454038,494,92,105
8454038,494,104,92
8454038,494,102,104
8454038,494,88,102
8454038,476,85,94
8454038,476,104,94
8454038,476,104,95
8454038,476,95,82
8454038,476,82,84
8454038,476,101,84
8454038,476,101,86
8454038,476,83,86
8454038,476,105,83
8454038,476,105,93
8454038,476,106,93
8454038,476,106,107
8454038,476,107,102
8454038,476,89,102
8454038,476,88,89
8454038,476,103,88
8454038,476,103,81
8454038,476,81,810
8454038,476,1010,810
8454038,476,87,1010
8454038,476,87,92
8454038,476,109,92
8454038,476,109,91
8454038,477,105,85
8454038,477,105,86
8454038,477,106,86
8454038,477,106,810
8454038,477,101,810
8454038,477,101,92
8454038,477,92,95
8454038,477,94,95
8454038,477,1010,94
8454038,477,1010,82
8454038,477,82,81
8454038,477,81,103
8454038,477,109,103
8454038,477,109,89
8454038,477,102,89
8454038,477,102,83
8454038,477,83,87
8454038,477,84,87
8454038,477,84,107
8454038,477,107,88
8454038,477,91,88
8454038,477,91,104
8454038,477,104,93
8454038,478,109,91
8454038,478,85,109
8454038,478,101,85
8454038,478,102,101
8454038,478,89,102
8454038,478,810,89
8454038,478,810,81
8454038,478,95,81
8454038,478,95,92
8454038,478,1010,82
8454038,478,92,1010
8454038,478,82,104
8454038,478,104,103
8454038,478,103,84
8454038,478,94,84
8454038,478,94,86
8454038,478,109,92
8454038,478,87,92
8454038,478,101,87
8454038,478,101,95
8454038,478,82,95
8454038,478,106,82
8454038,478,106,89
8454038,478,89,93
8454038,478,93,107
8454038,478,107,810
8454038,478,83,810
8454038,478,83,91
8454038,478,91,84
8454038,478,84,88
8454038,478,88,103
8454038,478,86,103
8454038,478,86,105
8454038,478,105,102
8454038,478,102,104
8454038,478,104,94
8454038,478,94,85
8454038,478,85,81
8454038,478,81,1010
8454038,478,81,1010
8454038,478,1010,810
8454038,478,95,810
8454038,478,83,95
8454038,478,102,83
8454038,478,92,102
8454038,478,106,92
8454038,478,109,106
8454038,478,109,91
8454038,478,88,91
8454038,478,103,88
8454038,478,103,82
8454038,478,82,84
8454038,478,105,84
8454038,478,104,105
8454038,478,104,93
8454038,478,93,94
8454038,478,86,94
8454038,478,107,86
8454038,478,107,89
8454038,478,89,87
8454038,478,101,87
8454038,478,101,85
8454038,479,103,104
8454038,479,104,94
8454038,479,88,94
8454038,479,88,93
8454038,479,93,92
8454038,479,106,92
8454038,479,106,95
8454038,479,101,95
8454038,479,83,101
8454038,479,86,83
8454038,479,1010,86
8454038,479,105,1010
8454038,479,82,105
8454038,479,109,82
8454038,479,109,87
8454038,479,87,810
8454038,479,810,91
8454038,479,89,91
8454038,479,89,84
8454038,479,85,84
8454038,479,102,85
8454038,479,107,102
8454038,479,107,81
8454038,480,106,105
8454038,480,106,92
8454038,480,91,92
8454038,480,91,85
8454038,480,102,85
8454038,480,102,89
8454038,480,89,93
8454038,480,1010,93
8454038,480,1010,109
8454038,480,109,107
8454038,480,107,84
8454038,480,83,84
8454038,480,83,87
8454038,480,87,86
8454038,480,103,86
8454038,480,103,94
8454038,480,81,94
8454038,480,81,810
8454038,480,88,810
8454038,480,88,95
8454038,480,104,95
8454038,480,101,104
8454038,495,85,92
8454038,495,85,810
8454038,495,84,810
8454038,495,84,83
8454038,495,83,88
8454038,495,94,88
8454038,495,94,86
8454038,495,86,91
8454038,495,95,91
8454038,495,107,95
8454038,495,107,101
8454038,495,1010,101
8454038,495,1010,104
8454038,495,81,104
8454038,495,109,81
8454038,495,106,109
8454038,495,106,93
8454038,495,89,93
8454038,495,87,89
8454038,495,105,87
8454038,495,82,105
8454038,495,103,82
8454038,495,102,103
8454038,495,85,1010
8454038,495,92,1010
8454038,495,92,104
8454038,495,104,105
8454038,495,105,88
8454038,495,101,83
8454038,495,83,89
8454038,495,89,107
8454038,495,107,109
8454038,495,109,810
8454038,495,810,102
8454038,495,102,106
8454038,495,106,94
8454038,495,88,101
8454038,495,85,105
8454038,495,85,88
8454038,495,88,82
8454038,495,82,93
8454038,495,93,810
8454038,495,89,810
8454038,495,89,91
8454038,495,94,91
8454038,495,94,103
8454038,495,103,92
8454038,495,109,92
8454038,495,83,109
8454038,495,83,1010
8454038,495,84,1010
8454038,495,107,84
8454038,495,107,81
8454038,495,81,101
8454038,495,101,86
8454038,495,86,87
8454038,495,95,87