"","Candidate.Not.Chosen","Candidate.Chosen","Judge","group","theta1","raw1","theta2","raw2","probTheta"
"1",2,24,502,"expert1",2.23298215173226,0.785714285714286,-1.0343090886161,0.470588235294118,0.963289502417343
"3",2,96,508,"expert1",3.19501081725766,0.764705882352941,-1.0343090886161,0.470588235294118,0.985646725646685
"5",2,48,709,"expert1",1.58453479440325,0.666666666666667,-1.0343090886161,0.470588235294118,0.932064537380823
"6",2,32,711,"expert1",0.506007506651074,0.470588235294118,-1.0343090886161,0.470588235294118,0.823510744142757
"8",2,220,506,"expert1",-2.25898164420275,0.3125,-1.0343090886161,0.470588235294118,0.772884786940044
"10",3,115,508,"expert1",2.04852279050305,0.583333333333333,1.11418209309997,0.428571428571429,0.717955088508642
"14",3,63,508,"expert1",2.87470756090103,0.846153846153846,1.11418209309997,0.428571428571429,0.853275459114952
"15",3,56,508,"expert1",2.75313036478551,0.692307692307692,1.11418209309997,0.428571428571429,0.837391777765172
"17",3,8,501,"expert1",2.32644577096154,0.714285714285714,1.11418209309997,0.428571428571429,0.770699235668233
"18",4,126,702,"expert1",0.495982382931924,0.333333333333333,3.39207228191039,0.846153846153846,0.947652807851214
"19",4,27,711,"expert1",1.91006984735736,0.736842105263158,3.39207228191039,0.846153846153846,0.814874846113497
"20",6,192,709,"expert1",1.73418239534375,0.5,0.783172408661541,0.571428571428571,0.721318249135585
"26",7,2,501,"expert1",-1.0343090886161,0.470588235294118,-2.17974547214743,0.363636363636364,0.758676366847164
"27",7,227,508,"expert1",0.988939871550235,0.533333333333333,-2.17974547214743,0.363636363636364,0.959638695713002
"28",7,229,702,"expert1",1.38607936156642,0.615384615384615,-2.17974547214743,0.363636363636364,0.97250376427727
"30",7,6,502,"expert1",0.783172408661541,0.571428571428571,-2.17974547214743,0.363636363636364,0.950870484538635
"32",7,27,506,"expert1",1.91006984735736,0.736842105263158,-2.17974547214743,0.363636363636364,0.983533364513157
"35",8,3,508,"expert1",1.11418209309997,0.428571428571429,2.32644577096154,0.714285714285714,0.770699235668233
"36",8,155,508,"expert1",3.31036923369203,0.823529411764706,2.32644577096154,0.714285714285714,0.727886023043268
"37",20,176,709,"expert1",2.58237610034487,0.8125,-2.83744499932413,0.333333333333333,0.995591581470492
"39",20,110,501,"expert1",-1.56090356484,0.533333333333333,-2.83744499932413,0.333333333333333,0.781860476973547
"40",20,219,506,"expert1",-1.67280742353156,0.4375,-2.83744499932413,0.333333333333333,0.762174364989595
"41",20,219,508,"expert1",-1.67280742353156,0.4375,-2.83744499932413,0.333333333333333,0.762174364989595
"43",20,211,506,"expert1",0.133266954787592,0.769230769230769,-2.83744499932413,0.333333333333333,0.951233314093859
"44",20,113,702,"expert1",-0.194329941876278,0.583333333333333,-2.83744499932413,0.333333333333333,0.933585370660917
"45",20,108,501,"expert1",1.83867532243184,0.5,-2.83744499932413,0.333333333333333,0.990770886562197
"46",20,34,506,"expert1",-1.39573097680693,0.3,-2.83744499932413,0.333333333333333,0.80871993732213
"49",21,167,502,"expert1",1.51372546867084,0.470588235294118,2.9278493083109,0.785714285714286,0.804415566710598
"50",22,86,710,"expert1",4.9055742284104,0.944444444444444,1.16433160612391,0.625,0.976825208663965
"51",22,45,711,"expert1",2.93118230347837,0.769230769230769,1.16433160612391,0.625,0.854065587186674
"52",22,52,506,"expert1",0.293206011968977,0.5,1.16433160612391,0.625,0.704979856739341
"53",22,201,506,"expert1",-0.183541964038054,0.461538461538462,1.16433160612391,0.625,0.793781765505916
"54",22,215,506,"expert1",2.39876818955769,0.789473684210526,1.16433160612391,0.625,0.774594136694822
"55",22,155,710,"expert1",3.31036923369203,0.823529411764706,1.16433160612391,0.625,0.89529792723089
"56",23,53,704,"expert1",1.29994957645827,0.6,0.442951850063835,0.4,0.702033011932809
"57",23,131,702,"expert1",3.45170092380259,0.8,0.442951850063835,0.4,0.952967819371631
"58",23,4,506,"expert1",3.39207228191039,0.846153846153846,0.442951850063835,0.4,0.950221901128206
"61",23,215,704,"expert1",2.39876818955769,0.789473684210526,0.442951850063835,0.4,0.876079470710711
"69",26,27,708,"expert1",1.91006984735736,0.736842105263158,0.481206116877911,0.642857142857143,0.806724210073071
"71",26,103,702,"expert1",1.66996463638669,0.571428571428571,0.481206116877911,0.642857142857143,0.766518952905607
"73",27,228,506,"expert1",-0.0621216409287739,0.4,1.91006984735736,0.736842105263158,0.877846305875696
"74",27,26,508,"expert1",0.481206116877911,0.642857142857143,1.91006984735736,0.736842105263158,0.806724210073071
"75",27,131,702,"expert1",3.45170092380259,0.8,1.91006984735736,0.736842105263158,0.823701710650916
"77",27,155,506,"expert1",3.31036923369203,0.823529411764706,1.91006984735736,0.736842105263158,0.8022313923504
"78",28,7,502,"expert1",-2.17974547214743,0.363636363636364,-3.56907035592754,0.2,0.800484442820388
"79",28,92,506,"expert1",-1.25895047142323,0.294117647058824,-3.56907035592754,0.2,0.909711702652845
"80",28,205,711,"expert1",0.723765140377807,0.7,-3.56907035592754,0.2,0.986518124850271
"81",28,86,506,"expert1",4.9055742284104,0.944444444444444,-3.56907035592754,0.2,0.999791350188827
"82",28,24,502,"expert1",2.23298215173226,0.785714285714286,-3.56907035592754,0.2,0.996987754001596
"84",28,34,709,"expert1",-1.39573097680693,0.3,-3.56907035592754,0.2,0.897829700122671
"86",28,27,708,"expert1",1.91006984735736,0.736842105263158,-3.56907035592754,0.2,0.99584442485068
"87",28,22,702,"expert1",1.16433160612391,0.625,-3.56907035592754,0.2,0.991280208858661
"88",28,216,508,"expert1",-2.59878623432455,0.277777777777778,-3.56907035592754,0.2,0.725176125629632
"89",28,44,506,"expert1",-0.134475948755252,0.571428571428571,-3.56907035592754,0.2,0.968768376881491
"91",29,113,508,"expert1",-0.194329941876278,0.583333333333333,-3.22471760103778,0.3,0.953928213262262
"92",29,163,501,"expert1",-1.78915704318384,0.25,-3.22471760103778,0.3,0.807766236831751
"95",29,210,702,"expert1",-2.30051342602269,0.388888888888889,-3.22471760103778,0.3,0.715897960321676
"96",29,182,709,"expert1",1.06535635528869,0.5,-3.22471760103778,0.3,0.986481346663642
"97",30,206,502,"expert1",-1.48090029335027,0.5625,-3.38777014211092,0.333333333333333,0.870667083082509
"98",30,214,709,"expert1",-1.74455134810404,0.4,-3.38777014211092,0.333333333333333,0.837972443545564
"99",30,200,502,"expert1",-2.14760123966931,0.529411764705882,-3.38777014211092,0.333333333333333,0.775593412815358
"102",30,134,502,"expert1",-1.71184070883826,0.647058823529412,-3.38777014211092,0.333333333333333,0.842364768322444
"103",30,206,506,"expert1",-1.48090029335027,0.5625,-3.38777014211092,0.333333333333333,0.870667083082509
"109",31,87,508,"expert1",2.05872410487173,0.75,-2.62920026433335,0.2,0.990878199110754
"110",31,104,508,"expert1",3.38201984300314,0.818181818181818,-2.62920026433335,0.2,0.997554897425211
"112",31,32,708,"expert1",0.506007506651074,0.470588235294118,-2.62920026433335,0.2,0.958321893925784
"113",31,77,709,"expert1",2.52619801498936,0.846153846153846,-2.62920026433335,0.2,0.994264898839017
"114",31,146,501,"expert1",-0.162655176782697,0.533333333333333,-2.62920026433335,0.2,0.921762973198941
"115",31,28,708,"expert1",-3.56907035592754,0.2,-2.62920026433335,0.2,0.719073415776891
"116",31,45,506,"expert1",2.93118230347837,0.769230769230769,-2.62920026433335,0.2,0.996167440760234
"117",31,53,501,"expert1",1.29994957645827,0.6,-2.62920026433335,0.2,0.980718697822712
"118",31,48,709,"expert1",1.58453479440325,0.666666666666667,-2.62920026433335,0.2,0.985424565824319
"122",32,169,506,"expert1",2.55662015924852,0.727272727272727,0.506007506651074,0.470588235294118,0.886009509220082
"123",32,124,506,"expert1",3.18929992957722,0.842105263157895,0.506007506651074,0.470588235294118,0.936033539835233
"125",32,49,502,"expert1",2.01296937564684,0.714285714285714,0.506007506651074,0.470588235294118,0.818610519469191
"126",32,104,508,"expert1",3.38201984300314,0.818181818181818,0.506007506651074,0.470588235294118,0.946647822103931
"131",33,39,506,"expert1",3.96590017124897,0.923076923076923,1.30835066201667,0.583333333333333,0.934474778597536
"134",34,126,508,"expert1",0.495982382931924,0.333333333333333,-1.39573097680693,0.3,0.868950763342134
"135",34,113,508,"expert1",-0.194329941876278,0.583333333333333,-1.39573097680693,0.3,0.76877392605301
"136",34,141,713,"expert1",1.02798203209573,0.5,-1.39573097680693,0.3,0.918617757818099
"137",34,205,508,"expert1",0.723765140377807,0.7,-1.39573097680693,0.3,0.892783706911968
"138",34,37,709,"expert1",1.10676005030649,0.583333333333333,-1.39573097680693,0.3,0.924316265836658
"139",34,191,506,"expert1",0.710751851279031,0.642857142857143,-1.39573097680693,0.3,0.891531680442782
"142",35,6,506,"expert1",0.783172408661541,0.571428571428571,-0.438881238563768,0.454545454545455,0.772424751253538
"145",35,22,502,"expert1",1.16433160612391,0.625,-0.438881238563768,0.454545454545455,0.832466945614507
"148",36,159,702,"expert1",-4.2516733258175,0.222222222222222,-2.02176858835595,0.3,0.902903007746712
"149",36,192,506,"expert1",1.73418239534375,0.5,-2.02176858835595,0.3,0.97715584760035
"150",36,72,508,"expert1",4.49887814311029,0.928571428571429,-2.02176858835595,0.3,0.99852944936166
"151",36,122,502,"expert1",1.24982316962949,0.615384615384615,-2.02176858835595,0.3,0.963441278291499
"152",36,125,506,"expert1",2.11273080760509,0.666666666666667,-2.02176858835595,0.3,0.984241624149537
"153",37,78,508,"expert1",2.3529702552779,0.642857142857143,1.10676005030649,0.583333333333333,0.776643140145079
"155",37,176,704,"expert1",2.58237610034487,0.8125,1.10676005030649,0.583333333333333,0.813909497591677
"158",38,48,508,"expert1",1.58453479440325,0.666666666666667,-1.0304228486083,0.25,0.931818046173412
"159",38,142,506,"expert1",1.84477255763095,0.7,-1.0304228486083,0.25,0.946606547399914
"160",38,58,501,"expert1",0.489315992419984,0.583333333333333,-1.0304228486083,0.25,0.820500020387415
"161",38,46,508,"expert1",0.152833398463461,0.4375,-1.0304228486083,0.25,0.765532780456007
"162",38,76,508,"expert1",1.42989059371803,0.714285714285714,-1.0304228486083,0.25,0.921312389104834
"163",38,37,506,"expert1",1.10676005030649,0.583333333333333,-1.0304228486083,0.25,0.894464978872791
"164",38,191,501,"expert1",0.710751851279031,0.642857142857143,-1.0304228486083,0.25,0.850836212724583
"165",38,215,709,"expert1",2.39876818955769,0.789473684210526,-1.0304228486083,0.25,0.968604476671678
"166",38,123,508,"expert1",0.511922956351256,0.545454545454545,-1.0304228486083,0.25,0.823805477514529
"170",40,155,710,"expert1",3.31036923369203,0.823529411764706,1.48898884040287,0.5625,0.860731680857571
"171",40,96,710,"expert1",3.19501081725766,0.764705882352941,1.48898884040287,0.5625,0.846319604172255
"174",40,32,506,"expert1",0.506007506651074,0.470588235294118,1.48898884040287,0.5625,0.727699377419289
"175",41,223,506,"expert1",-2.57681225102753,0.461538461538462,0.00866803610048204,0.588235294117647,0.929921249458878
"176",41,24,508,"expert1",2.23298215173226,0.785714285714286,0.00866803610048204,0.588235294117647,0.902411777385223
"178",41,148,506,"expert1",-4.39238920495866,0.222222222222222,0.00866803610048204,0.588235294117647,0.987884225644636
"180",41,48,704,"expert1",1.58453479440325,0.666666666666667,0.00866803610048204,0.588235294117647,0.82861835341379
"181",41,27,713,"expert1",1.91006984735736,0.736842105263158,0.00866803610048204,0.588235294117647,0.870050100748458
"182",43,176,506,"expert1",2.58237610034487,0.8125,-0.39099249261194,0.333333333333333,0.951356403946893
"183",43,141,506,"expert1",1.02798203209573,0.5,-0.39099249261194,0.333333333333333,0.805177603895788
"184",43,182,502,"expert1",1.06535635528869,0.5,-0.39099249261194,0.333333333333333,0.810973605298521
"185",43,79,702,"expert1",-2.72084378169326,0.294117647058824,-0.39099249261194,0.333333333333333,0.91131931919666
"186",43,155,502,"expert1",3.31036923369203,0.823529411764706,-0.39099249261194,0.333333333333333,0.975905019535457
"188",43,181,508,"expert1",2.16812687791049,0.6875,-0.39099249261194,0.333333333333333,0.92818377829248
"189",43,39,506,"expert1",3.96590017124897,0.923076923076923,-0.39099249261194,0.333333333333333,0.987344069542502
"190",44,22,508,"expert1",1.16433160612391,0.625,-0.134475948755252,0.571428571428571,0.785634228079345
"194",44,69,702,"expert1",1.28924901517922,0.444444444444444,-0.134475948755252,0.571428571428571,0.805921709139414
"195",44,33,713,"expert1",1.30835066201667,0.583333333333333,-0.134475948755252,0.571428571428571,0.808891986711805
"197",45,108,502,"expert1",1.83867532243184,0.5,2.93118230347837,0.769230769230769,0.748853508461338
"199",46,69,704,"expert1",1.28924901517922,0.444444444444444,0.152833398463461,0.4375,0.757020934229033
"201",46,192,711,"expert1",1.73418239534375,0.5,0.152833398463461,0.4375,0.829395483995446
"203",46,137,508,"expert1",1.94263606870291,0.714285714285714,0.152833398463461,0.4375,0.856903081611189
"205",46,55,711,"expert1",1.85097755492979,0.733333333333333,0.152833398463461,0.4375,0.845292195624751
"206",46,137,502,"expert1",1.94263606870291,0.714285714285714,0.152833398463461,0.4375,0.856903081611189
"207",46,72,704,"expert1",4.49887814311029,0.928571428571429,0.152833398463461,0.4375,0.987207797481531
"208",47,49,711,"expert1",2.01296937564684,0.714285714285714,0.570525200766846,0.5,0.80883286059231
"209",47,155,501,"expert1",3.31036923369203,0.823529411764706,0.570525200766846,0.5,0.939337209850178
"211",47,56,708,"expert1",2.75313036478551,0.692307692307692,0.570525200766846,0.5,0.89867653707239
"215",47,24,501,"expert1",2.23298215173226,0.785714285714286,0.570525200766846,0.5,0.840567543844089
"218",48,131,711,"expert1",3.45170092380259,0.8,1.58453479440325,0.666666666666667,0.866130034370412
"219",48,77,713,"expert1",2.52619801498936,0.846153846153846,1.58453479440325,0.666666666666667,0.719435497763014
"224",49,182,508,"expert1",1.06535635528869,0.5,2.01296937564684,0.714285714285714,0.720634883864776
"226",50,73,711,"expert1",2.5206438877723,0.857142857142857,0.795292542612866,0.722222222222222,0.848816840021045
"227",50,113,508,"expert1",-0.194329941876278,0.583333333333333,0.795292542612866,0.722222222222222,0.729013349518886
"228",50,39,713,"expert1",3.96590017124897,0.923076923076923,0.795292542612866,0.722222222222222,0.959713084421571
"229",50,181,713,"expert1",2.16812687791049,0.6875,0.795292542612866,0.722222222222222,0.797837697118333
"230",50,35,506,"expert1",-0.438881238563768,0.454545454545455,0.795292542612866,0.722222222222222,0.774548248619335
"231",52,53,710,"expert1",1.29994957645827,0.6,0.293206011968977,0.5,0.73238237617817
"232",52,39,702,"expert1",3.96590017124897,0.923076923076923,0.293206011968977,0.5,0.975221641997063
"235",52,124,508,"expert1",3.18929992957722,0.842105263157895,0.293206011968977,0.5,0.947653007202876
"238",53,169,508,"expert1",2.55662015924852,0.727272727272727,1.29994957645827,0.6,0.778452434739018
"239",53,63,704,"expert1",2.87470756090103,0.846153846153846,1.29994957645827,0.6,0.82846083908622
"240",53,78,702,"expert1",2.3529702552779,0.642857142857143,1.29994957645827,0.6,0.74135453041824
"241",53,95,711,"expert1",-0.320629311423528,0.411764705882353,1.29994957645827,0.6,0.834874950050809
"242",53,195,708,"expert1",0.362944931618472,0.285714285714286,1.29994957645827,0.6,0.718494212742687
"244",53,72,501,"expert1",4.49887814311029,0.928571428571429,1.29994957645827,0.6,0.960793937356965
"248",55,45,704,"expert1",2.93118230347837,0.769230769230769,1.85097755492979,0.733333333333333,0.746532728144073
"251",56,39,502,"expert1",3.96590017124897,0.923076923076923,2.75313036478551,0.692307692307692,0.770788667433622
"254",57,109,506,"expert1",0.0972571495107217,0.473684210526316,-2.19355818617051,0.375,0.90811350706429
"256",57,218,506,"expert1",1.45233353763528,0.636363636363636,-2.19355818617051,0.375,0.974565661448261
"257",57,33,501,"expert1",1.30835066201667,0.583333333333333,-2.19355818617051,0.375,0.970742032980803
"258",57,225,709,"expert1",2.5322535646999,0.6,-2.19355818617051,0.375,0.991214355677187
"259",57,145,508,"expert1",0.379463969828648,0.5,-2.19355818617051,0.375,0.929105020287872
"260",57,148,702,"expert1",-4.39238920495866,0.222222222222222,-2.19355818617051,0.375,0.900144486855731
"261",57,221,502,"expert1",-1.11196109945688,0.333333333333333,-2.19355818617051,0.375,0.746796098172701
"264",58,78,508,"expert1",2.3529702552779,0.642857142857143,0.489315992419984,0.583333333333333,0.865722313838493
"265",58,142,506,"expert1",1.84477255763095,0.7,0.489315992419984,0.583333333333333,0.795020278185176
"266",58,25,506,"expert1",1.71149043319304,0.625,0.489315992419984,0.583333333333333,0.772445984218981
"269",63,140,709,"expert1",0.399755277037211,0.363636363636364,2.87470756090103,0.846153846153846,0.922367120749993
"270",63,3,506,"expert1",1.11418209309997,0.428571428571429,2.87470756090103,0.846153846153846,0.853275459114952
"272",64,56,508,"expert1",2.75313036478551,0.692307692307692,0.742463813512538,0.538461538461538,0.881912456429951
"275",64,63,502,"expert1",2.87470756090103,0.846153846153846,0.742463813512538,0.538461538461538,0.893997826693778
"278",65,116,704,"expert1",0.998477337469721,0.5,0.125614492735402,0.470588235294118,0.705341047064168
"279",65,226,508,"expert1",1.06048833453222,0.5,0.125614492735402,0.470588235294118,0.718063035345407
"281",65,163,708,"expert1",-1.78915704318384,0.25,0.125614492735402,0.470588235294118,0.871554256728587
"282",65,122,713,"expert1",1.24982316962949,0.615384615384615,0.125614492735402,0.470588235294118,0.754768548040658
"283",65,209,508,"expert1",-1.21814550583881,0.272727272727273,0.125614492735402,0.470588235294118,0.793107591834361
"284",65,155,702,"expert1",3.31036923369203,0.823529411764706,0.125614492735402,0.470588235294118,0.960256523295254
"286",69,86,502,"expert1",4.9055742284104,0.944444444444444,1.28924901517922,0.444444444444444,0.973822408930571
"287",69,73,508,"expert1",2.5206438877723,0.857142857142857,1.28924901517922,0.444444444444444,0.774062616347565
"288",69,181,501,"expert1",2.16812687791049,0.6875,1.28924901517922,0.444444444444444,0.706589632726468
"289",69,215,508,"expert1",2.39876818955769,0.789473684210526,1.28924901517922,0.444444444444444,0.752039459814084
"291",69,152,704,"expert1",2.6605846434556,0.65,1.28924901517922,0.444444444444444,0.797595858702615
"292",69,97,713,"expert1",2.76831310809036,0.733333333333333,1.28924901517922,0.444444444444444,0.8144311758503
"293",69,170,506,"expert1",2.15319375779965,0.625,1.28924901517922,0.444444444444444,0.703484164712821
"294",69,170,704,"expert1",2.15319375779965,0.625,1.28924901517922,0.444444444444444,0.703484164712821
"295",69,131,711,"expert1",3.45170092380259,0.8,1.28924901517922,0.444444444444444,0.896826641098821
"296",70,63,713,"expert1",2.87470756090103,0.846153846153846,0.230544801337944,0.3125,0.933650302593706
"298",70,153,702,"expert1",3.35047014077434,0.777777777777778,0.230544801337944,0.3125,0.957707204201234
"299",70,192,702,"expert1",1.73418239534375,0.5,0.230544801337944,0.3125,0.818116383820644
"300",70,49,708,"expert1",2.01296937564684,0.714285714285714,0.230544801337944,0.3125,0.855995993595455
"301",70,176,711,"expert1",2.58237610034487,0.8125,0.230544801337944,0.3125,0.913079678922255
"304",70,24,508,"expert1",2.23298215173226,0.785714285714286,0.230544801337944,0.3125,0.881052746712762
"308",71,73,501,"expert1",2.5206438877723,0.857142857142857,0.977892997298139,0.5,0.823864267969849
"312",72,126,506,"expert1",0.495982382931924,0.333333333333333,4.49887814311029,0.928571428571429,0.982064865672329
"313",73,71,506,"expert1",0.977892997298139,0.5,2.5206438877723,0.857142857142857,0.823864267969849
"314",73,191,502,"expert1",0.710751851279031,0.642857142857143,2.5206438877723,0.857142857142857,0.859348825393472
"319",74,72,502,"expert1",4.49887814311029,0.928571428571429,1.3302435785501,0.466666666666667,0.959636728875864
"320",74,104,710,"expert1",3.38201984300314,0.818181818181818,1.3302435785501,0.466666666666667,0.886126977353771
"322",74,215,713,"expert1",2.39876818955769,0.789473684210526,1.3302435785501,0.466666666666667,0.744316236398
"323",75,43,711,"expert1",-0.39099249261194,0.333333333333333,-1.44896437459007,0.4375,0.742302778585905
"324",75,211,506,"expert1",0.133266954787592,0.769230769230769,-1.44896437459007,0.4375,0.829520296538745
"326",75,45,508,"expert1",2.93118230347837,0.769230769230769,-1.44896437459007,0.4375,0.987631377154481
"327",75,152,502,"expert1",2.6605846434556,0.65,-1.44896437459007,0.4375,0.983849930426014
"328",75,24,709,"expert1",2.23298215173226,0.785714285714286,-1.44896437459007,0.4375,0.975444239479318
"329",75,149,508,"expert1",-0.383332872638321,0.625,-1.44896437459007,0.4375,0.743765260974846
"330",75,58,711,"expert1",0.489315992419984,0.583333333333333,-1.44896437459007,0.4375,0.874163102143106
"331",75,149,502,"expert1",-0.383332872638321,0.625,-1.44896437459007,0.4375,0.743765260974846
"332",76,58,508,"expert1",0.489315992419984,0.583333333333333,1.42989059371803,0.714285714285714,0.719215709587441
"335",76,47,702,"expert1",0.570525200766846,0.5,1.42989059371803,0.714285714285714,0.702528049695098
"336",77,226,501,"expert1",1.06048833453222,0.5,2.52619801498936,0.846153846153846,0.812404402568558
"338",78,104,508,"expert1",3.38201984300314,0.818181818181818,2.3529702552779,0.642857142857143,0.736731597105712
"340",78,168,506,"expert1",3.83371754264268,0.875,2.3529702552779,0.642857142857143,0.814685427515256
"341",78,74,713,"expert1",1.3302435785501,0.466666666666667,2.3529702552779,0.642857142857143,0.735503382640336
"342",78,153,704,"expert1",3.35047014077434,0.777777777777778,2.3529702552779,0.642857142857143,0.730566742419872
"343",79,134,506,"expert1",-1.71184070883826,0.647058823529412,-2.72084378169326,0.294117647058824,0.732825003674524
"345",79,180,710,"expert1",0.0209527080477314,0.571428571428571,-2.72084378169326,0.294117647058824,0.93944837094989
"346",79,125,508,"expert1",2.11273080760509,0.666666666666667,-2.72084378169326,0.294117647058824,0.992104806441025
"349",79,46,508,"expert1",0.152833398463461,0.4375,-2.72084378169326,0.294117647058824,0.946529760267992
"350",79,134,704,"expert1",-1.71184070883826,0.647058823529412,-2.72084378169326,0.294117647058824,0.732825003674524
"351",79,205,711,"expert1",0.723765140377807,0.7,-2.72084378169326,0.294117647058824,0.969069959837634
"352",79,55,506,"expert1",1.85097755492979,0.733333333333333,-2.72084378169326,0.294117647058824,0.989766691759609
"353",79,73,501,"expert1",2.5206438877723,0.857142857142857,-2.72084378169326,0.294117647058824,0.99473548413831
"357",87,154,704,"expert1",0.793448954951636,0.421052631578947,2.05872410487173,0.75,0.779932858708668
"358",87,114,508,"expert1",0.896259108230275,0.470588235294118,2.05872410487173,0.75,0.76178032900795
"359",87,124,713,"expert1",3.18929992957722,0.842105263157895,2.05872410487173,0.75,0.755945149848835
"361",88,8,508,"expert1",2.32644577096154,0.714285714285714,-0.928694292665544,0.533333333333333,0.962857374986368
"362",88,135,710,"expert1",0.196202297866246,0.333333333333333,-0.928694292665544,0.533333333333333,0.754895853714156
"363",88,41,502,"expert1",0.00866803610048204,0.588235294117647,-0.928694292665544,0.533333333333333,0.718566552339152
"364",88,141,710,"expert1",1.02798203209573,0.5,-0.928694292665544,0.533333333333333,0.876172804158632
"366",88,119,702,"expert1",0.864946958349921,0.461538461538462,-0.928694292665544,0.533333333333333,0.857373124579922
"367",89,123,711,"expert1",0.511922956351256,0.545454545454545,-1.75010816471359,0.307692307692308,0.905683274627403
"368",89,23,713,"expert1",0.442951850063835,0.4,-1.75010816471359,0.307692307692308,0.899624564502478
"369",89,3,711,"expert1",1.11418209309997,0.428571428571429,-1.75010816471359,0.307692307692308,0.946052680921384
"371",89,55,508,"expert1",1.85097755492979,0.733333333333333,-1.75010816471359,0.307692307692308,0.973431100820566
"372",89,93,508,"expert1",-0.103066058564297,0.6,-1.75010816471359,0.307692307692308,0.838490881783129
"373",89,201,506,"expert1",-0.183541964038054,0.461538461538462,-1.75010816471359,0.307692307692308,0.827293541914994
"374",89,146,713,"expert1",-0.162655176782697,0.533333333333333,-1.75010816471359,0.307692307692308,0.830257454498269
"375",89,136,506,"expert1",-0.0905193194842997,0.5,-1.75010816471359,0.307692307692308,0.840182802699354
"376",90,97,709,"expert1",2.76831310809036,0.733333333333333,-1.32300071668681,0.266666666666667,0.983557615956838
"377",90,149,508,"expert1",-0.383332872638321,0.625,-1.32300071668681,0.266666666666667,0.719032558579467
"378",90,211,502,"expert1",0.133266954787592,0.769230769230769,-1.32300071668681,0.266666666666667,0.810961161010295
"379",90,95,711,"expert1",-0.320629311423528,0.411764705882353,-1.32300071668681,0.266666666666667,0.731524569652834
"381",90,109,711,"expert1",0.0972571495107217,0.473684210526316,-1.32300071668681,0.266666666666667,0.805378838509977
"382",90,211,508,"expert1",0.133266954787592,0.769230769230769,-1.32300071668681,0.266666666666667,0.810961161010295
"383",90,63,704,"expert1",2.87470756090103,0.846153846153846,-1.32300071668681,0.266666666666667,0.98519257342544
"384",90,123,508,"expert1",0.511922956351256,0.545454545454545,-1.32300071668681,0.266666666666667,0.862347232296508
"385",90,87,506,"expert1",2.05872410487173,0.75,-1.32300071668681,0.266666666666667,0.9671284831722
"386",90,224,713,"expert1",-0.402294167000207,0.333333333333333,-1.32300071668681,0.266666666666667,0.71518604819341
"389",91,147,506,"expert1",-0.767000414455569,0.388888888888889,-1.68815089416076,0.5,0.715276465863997
"391",92,218,702,"expert1",1.45233353763528,0.636363636363636,-1.25895047142323,0.294117647058824,0.937689213073099
"392",92,126,506,"expert1",0.495982382931924,0.333333333333333,-1.25895047142323,0.294117647058824,0.852573899499408
"394",92,55,501,"expert1",1.85097755492979,0.733333333333333,-1.25895047142323,0.294117647058824,0.957300413859865
"396",92,65,502,"expert1",0.125614492735402,0.470588235294118,-1.25895047142323,0.294117647058824,0.79972315292165
"398",92,168,713,"expert1",3.83371754264268,0.875,-1.25895047142323,0.294117647058824,0.993895877054027
"399",92,224,502,"expert1",-0.402294167000207,0.333333333333333,-1.25895047142323,0.294117647058824,0.701961587449873
"400",92,22,501,"expert1",1.16433160612391,0.625,-1.25895047142323,0.294117647058824,0.918585535934226
"401",92,27,709,"expert1",1.91006984735736,0.736842105263158,-1.25895047142323,0.294117647058824,0.959651668060716
"402",92,56,508,"expert1",2.75313036478551,0.692307692307692,-1.25895047142323,0.294117647058824,0.982225932386162
"405",93,53,506,"expert1",1.29994957645827,0.6,-0.103066058564297,0.6,0.802661988249775
"406",93,77,502,"expert1",2.52619801498936,0.846153846153846,-0.103066058564297,0.6,0.932721383109013
"407",94,20,502,"expert1",-2.83744499932413,0.333333333333333,-3.8095786544225,0.2,0.725544576171369
"408",94,120,506,"expert1",-1.54759665118691,0.5,-3.8095786544225,0.2,0.905679078845741
"409",94,78,709,"expert1",2.3529702552779,0.642857142857143,-3.8095786544225,0.2,0.997897553410005
"412",94,189,702,"expert1",-2.3854230802798,0.461538461538462,-3.8095786544225,0.2,0.805989052831205
"413",94,86,508,"expert1",4.9055742284104,0.944444444444444,-3.8095786544225,0.2,0.999835946333671
"414",94,113,506,"expert1",-0.194329941876278,0.583333333333333,-3.8095786544225,0.2,0.973794952423375
"415",94,211,502,"expert1",0.133266954787592,0.769230769230769,-3.8095786544225,0.2,0.980975980492962
"416",94,137,508,"expert1",1.94263606870291,0.714285714285714,-3.8095786544225,0.2,0.996834313776873
"417",94,57,710,"expert1",-2.19355818617051,0.375,-3.8095786544225,0.2,0.834245572281719
"418",94,209,709,"expert1",-1.21814550583881,0.272727272727273,-3.8095786544225,0.2,0.930308192432071
"419",95,97,708,"expert1",2.76831310809036,0.733333333333333,-0.320629311423528,0.411764705882353,0.956434319351158
"421",95,143,704,"expert1",0.988575770639311,0.5,-0.320629311423528,0.411764705882353,0.787380106941068
"422",95,229,704,"expert1",1.38607936156642,0.615384615384615,-0.320629311423528,0.411764705882353,0.846408896508803
"423",95,71,502,"expert1",0.977892997298139,0.5,-0.320629311423528,0.411764705882353,0.785586184979156
"427",95,103,508,"expert1",1.66996463638669,0.571428571428571,-0.320629311423528,0.411764705882353,0.879805960158285
"429",96,72,713,"expert1",4.49887814311029,0.928571428571429,3.19501081725766,0.764705882352941,0.786485128158906
"430",96,86,711,"expert1",4.9055742284104,0.944444444444444,3.19501081725766,0.764705882352941,0.846909346969347
"431",96,141,506,"expert1",1.02798203209573,0.5,3.19501081725766,0.764705882352941,0.897249364655051
"435",97,39,508,"expert1",3.96590017124897,0.923076923076923,2.76831310809036,0.733333333333333,0.768095257353391
"437",99,120,506,"expert1",-1.54759665118691,0.5,-2.75224914967226,0.25,0.769351402918757
"438",99,92,506,"expert1",-1.25895047142323,0.294117647058824,-2.75224914967226,0.25,0.816572869991608
"439",99,206,704,"expert1",-1.48090029335027,0.5625,-2.75224914967226,0.25,0.780973562430917
"440",99,88,502,"expert1",-0.928694292665544,0.533333333333333,-2.75224914967226,0.25,0.860992135192876
"441",99,93,506,"expert1",-0.103066058564297,0.6,-2.75224914967226,0.25,0.933960622915355
"442",99,212,502,"expert1",-1.33728811415587,0.363636363636364,-2.75224914967226,0.25,0.804547250143334
"443",99,86,506,"expert1",4.9055742284104,0.944444444444444,-2.75224914967226,0.25,0.999527888608345
"444",99,87,502,"expert1",2.05872410487173,0.75,-2.75224914967226,0.25,0.991925789920155
"445",99,155,508,"expert1",3.31036923369203,0.823529411764706,-2.75224914967226,0.25,0.997677111846074
"447",99,77,702,"expert1",2.52619801498936,0.846153846153846,-2.75224914967226,0.25,0.994925536868788
"448",99,124,508,"expert1",3.18929992957722,0.842105263157895,-2.75224914967226,0.25,0.997378932464232
"451",102,147,710,"expert1",-0.767000414455569,0.388888888888889,0.703346557539146,0.615384615384615,0.813110118337212
"452",102,43,710,"expert1",-0.39099249261194,0.333333333333333,0.703346557539146,0.615384615384615,0.749197912120401
"454",103,97,506,"expert1",2.76831310809036,0.733333333333333,1.66996463638669,0.571428571428571,0.749950531056769
"459",103,86,506,"expert1",4.9055742284104,0.944444444444444,1.66996463638669,0.571428571428571,0.962152556717043
"460",103,4,502,"expert1",3.39207228191039,0.846153846153846,1.66996463638669,0.571428571428571,0.848400115246521
"461",103,56,506,"expert1",2.75313036478551,0.692307692307692,1.66996463638669,0.571428571428571,0.747092600426473
"462",103,224,508,"expert1",-0.402294167000207,0.333333333333333,1.66996463638669,0.571428571428571,0.888177498578833
"463",104,192,713,"expert1",1.73418239534375,0.5,3.38201984300314,0.818181818181818,0.838598561055869
"464",104,78,506,"expert1",2.3529702552779,0.642857142857143,3.38201984300314,0.818181818181818,0.736731597105712
"465",105,155,502,"expert1",3.31036923369203,0.823529411764706,2.10227294853605,0.6,0.769961935323194
"467",105,72,702,"expert1",4.49887814311029,0.928571428571429,2.10227294853605,0.6,0.916568066037169
"470",105,143,710,"expert1",0.988575770639311,0.5,2.10227294853605,0.6,0.752817736985746
"471",108,6,713,"expert1",0.783172408661541,0.571428571428571,1.83867532243184,0.5,0.74183020875985
"475",108,119,711,"expert1",0.864946958349921,0.461538461538462,1.83867532243184,0.5,0.725862015760503
"476",108,168,508,"expert1",3.83371754264268,0.875,1.83867532243184,0.5,0.880275559391262
"477",108,96,502,"expert1",3.19501081725766,0.764705882352941,1.83867532243184,0.5,0.79516347408296
"478",108,4,508,"expert1",3.39207228191039,0.846153846153846,1.83867532243184,0.5,0.825403816930149
"481",109,90,713,"expert1",-1.32300071668681,0.266666666666667,0.0972571495107217,0.473684210526316,0.805378838509977
"482",109,27,508,"expert1",1.91006984735736,0.736842105263158,0.0972571495107217,0.473684210526316,0.859701470756775
"484",109,137,508,"expert1",1.94263606870291,0.714285714285714,0.0972571495107217,0.473684210526316,0.863583621651858
"485",109,121,506,"expert1",1.60856227712087,0.5,0.0972571495107217,0.473684210526316,0.819254546152632
"488",109,49,704,"expert1",2.01296937564684,0.714285714285714,0.0972571495107217,0.473684210526316,0.87165952778301
"491",110,96,709,"expert1",3.19501081725766,0.764705882352941,-1.56090356484,0.533333333333333,0.991472664068438
"493",110,223,502,"expert1",-2.57681225102753,0.461538461538462,-1.56090356484,0.533333333333333,0.734174895375374
"494",110,149,508,"expert1",-0.383332872638321,0.625,-1.56090356484,0.533333333333333,0.764510726651297
"496",111,208,702,"expert1",-1.72026098470227,0.368421052631579,-3.08770345256276,0.473684210526316,0.796966631492886
"499",111,44,506,"expert1",-0.134475948755252,0.571428571428571,-3.08770345256276,0.473684210526316,0.950415807792438
"500",111,211,508,"expert1",0.133266954787592,0.769230769230769,-3.08770345256276,0.473684210526316,0.961615849067195
"502",111,214,710,"expert1",-1.74455134810404,0.4,-3.08770345256276,0.473684210526316,0.793007825968401
"504",111,200,702,"expert1",-2.14760123966931,0.529411764705882,-3.08770345256276,0.473684210526316,0.719120303482178
"507",112,201,708,"expert1",-0.183541964038054,0.461538461538462,-2.15066501999287,0.214285714285714,0.877301765204875
"508",112,205,704,"expert1",0.723765140377807,0.7,-2.15066501999287,0.214285714285714,0.946567856669134
"509",112,137,508,"expert1",1.94263606870291,0.714285714285714,-2.15066501999287,0.214285714285714,0.983589723188399
"510",112,140,508,"expert1",0.399755277037211,0.363636363636364,-2.15066501999287,0.214285714285714,0.927601745493128
"511",112,230,508,"expert1",1.00012242353479,0.529411764705882,-2.15066501999287,0.214285714285714,0.958939738057816
"512",112,88,508,"expert1",-0.928694292665544,0.533333333333333,-2.15066501999287,0.214285714285714,0.772410174870331
"513",112,87,506,"expert1",2.05872410487173,0.75,-2.15066501999287,0.214285714285714,0.985362013352003
"514",112,149,506,"expert1",-0.383332872638321,0.625,-2.15066501999287,0.214285714285714,0.854125583711473
"515",112,95,506,"expert1",-0.320629311423528,0.411764705882353,-2.15066501999287,0.214285714285714,0.861765980679179
"516",112,86,501,"expert1",4.9055742284104,0.944444444444444,-2.15066501999287,0.214285714285714,0.999138728602212
"519",113,33,713,"expert1",1.30835066201667,0.583333333333333,-0.194329941876278,0.583333333333333,0.817973938455705
"524",114,55,508,"expert1",1.85097755492979,0.733333333333333,0.896259108230275,0.470588235294118,0.722063105019908
"525",114,73,502,"expert1",2.5206438877723,0.857142857142857,0.896259108230275,0.470588235294118,0.835398957107235
"529",114,124,506,"expert1",3.18929992957722,0.842105263157895,0.896259108230275,0.470588235294118,0.908299040490328
"530",114,55,502,"expert1",1.85097755492979,0.733333333333333,0.896259108230275,0.470588235294118,0.722063105019908
"532",115,22,711,"expert1",1.16433160612391,0.625,2.04852279050305,0.583333333333333,0.707689983996324
"535",115,155,711,"expert1",3.31036923369203,0.823529411764706,2.04852279050305,0.583333333333333,0.77934379892568
"536",116,181,508,"expert1",2.16812687791049,0.6875,0.998477337469721,0.5,0.763081662672243
"537",116,45,506,"expert1",2.93118230347837,0.769230769230769,0.998477337469721,0.5,0.873548516531972
"540",116,49,502,"expert1",2.01296937564684,0.714285714285714,0.998477337469721,0.5,0.733898327645402
"542",116,73,508,"expert1",2.5206438877723,0.857142857142857,0.998477337469721,0.5,0.82085729460697
"544",119,125,506,"expert1",2.11273080760509,0.666666666666667,0.864946958349921,0.461538461538462,0.776915999131245
"546",119,168,713,"expert1",3.83371754264268,0.875,0.864946958349921,0.461538461538462,0.951143177935355
"548",119,142,508,"expert1",1.84477255763095,0.7,0.864946958349921,0.461538461538462,0.727073610055829
"550",120,180,502,"expert1",0.0209527080477314,0.571428571428571,-1.54759665118691,0.5,0.82757670961278
"551",120,26,502,"expert1",0.481206116877911,0.642857142857143,-1.54759665118691,0.5,0.883788170750149
"552",120,50,502,"expert1",0.795292542612866,0.722222222222222,-1.54759665118691,0.5,0.912367360727236
"554",120,121,501,"expert1",1.60856227712087,0.5,-1.54759665118691,0.5,0.95915071599389
"555",120,31,506,"expert1",-2.62920026433335,0.2,-1.54759665118691,0.5,0.746797332264895
"557",121,176,713,"expert1",2.58237610034487,0.8125,1.60856227712087,0.5,0.725879020635008
"558",121,124,704,"expert1",3.18929992957722,0.842105263157895,1.60856227712087,0.5,0.82930896218554
"560",121,86,702,"expert1",4.9055742284104,0.944444444444444,1.60856227712087,0.5,0.96432616071283
"561",121,21,704,"expert1",2.9278493083109,0.785714285714286,1.60856227712087,0.5,0.789063062635125
"565",122,8,502,"expert1",2.32644577096154,0.714285714285714,1.24982316962949,0.615384615384615,0.745854310069572
"567",123,225,508,"expert1",2.5322535646999,0.6,0.511922956351256,0.545454545454545,0.882915190405505
"568",123,2,508,"expert1",-1.0343090886161,0.470588235294118,0.511922956351256,0.545454545454545,0.824368855645049
"570",123,124,506,"expert1",3.18929992957722,0.842105263157895,0.511922956351256,0.545454545454545,0.935678438861954
"571",123,108,506,"expert1",1.83867532243184,0.5,0.511922956351256,0.545454545454545,0.790302930645078
"572",124,87,711,"expert1",2.05872410487173,0.75,3.18929992957722,0.842105263157895,0.755945149848835
"574",124,125,702,"expert1",2.11273080760509,0.666666666666667,3.18929992957722,0.842105263157895,0.745844172621013
"579",126,167,708,"expert1",1.51372546867084,0.470588235294118,0.495982382931924,0.333333333333333,0.734532746855046
"581",126,86,502,"expert1",4.9055742284104,0.944444444444444,0.495982382931924,0.333333333333333,0.9879859519788
"583",126,169,710,"expert1",2.55662015924852,0.727272727272727,0.495982382931924,0.333333333333333,0.887018101728166
"584",126,103,508,"expert1",1.66996463638669,0.571428571428571,0.495982382931924,0.333333333333333,0.76386407230124
"585",126,176,713,"expert1",2.58237610034487,0.8125,0.495982382931924,0.333333333333333,0.889573669382182
"586",126,24,508,"expert1",2.23298215173226,0.785714285714286,0.495982382931924,0.333333333333333,0.85030557926456
"590",126,4,713,"expert1",3.39207228191039,0.846153846153846,0.495982382931924,0.333333333333333,0.947652807851214
"593",128,169,709,"expert1",2.55662015924852,0.727272727272727,-2.5074608327017,0.272727272727273,0.993719971889931
"594",128,90,502,"expert1",-1.32300071668681,0.266666666666667,-2.5074608327017,0.272727272727273,0.765748796633416
"595",128,155,508,"expert1",3.31036923369203,0.823529411764706,-2.5074608327017,0.272727272727273,0.997034767113117
"596",128,8,506,"expert1",2.32644577096154,0.714285714285714,-2.5074608327017,0.272727272727273,0.99210740663803
"597",128,22,508,"expert1",1.16433160612391,0.625,-2.5074608327017,0.272727272727273,0.975199843131742
"598",128,47,508,"expert1",0.570525200766846,0.5,-2.5074608327017,0.272727272727273,0.955975501914716
"599",130,215,508,"expert1",2.39876818955769,0.789473684210526,0.0150319574158124,0.263157894736842,0.91557867273041
"600",130,72,501,"expert1",4.49887814311029,0.928571428571429,0.0150319574158124,0.263157894736842,0.98883613255507
"601",130,21,713,"expert1",2.9278493083109,0.785714285714286,0.0150319574158124,0.263157894736842,0.948476419467054
"602",130,218,506,"expert1",1.45233353763528,0.636363636363636,0.0150319574158124,0.263157894736842,0.808036437836755
"603",130,230,710,"expert1",1.00012242353479,0.529411764705882,0.0150319574158124,0.263157894736842,0.728117107542619
"606",130,116,506,"expert1",0.998477337469721,0.5,0.0150319574158124,0.263157894736842,0.727791319866616
"608",130,96,702,"expert1",3.19501081725766,0.764705882352941,0.0150319574158124,0.263157894736842,0.960073855709526
"609",130,153,508,"expert1",3.35047014077434,0.777777777777778,0.0150319574158124,0.263157894736842,0.965624740402393
"610",130,96,506,"expert1",3.19501081725766,0.764705882352941,0.0150319574158124,0.263157894736842,0.960073855709526
"611",130,21,711,"expert1",2.9278493083109,0.785714285714286,0.0150319574158124,0.263157894736842,0.948476419467054
"612",130,21,506,"expert1",2.9278493083109,0.785714285714286,0.0150319574158124,0.263157894736842,0.948476419467054
"613",131,86,710,"expert1",4.9055742284104,0.944444444444444,3.45170092380259,0.8,0.810593823684819
"615",132,206,501,"expert1",-1.48090029335027,0.5625,-2.86453084755311,0.428571428571429,0.799573450271665
"617",132,147,501,"expert1",-0.767000414455569,0.388888888888889,-2.86453084755311,0.428571428571429,0.890662918162038
"618",132,134,710,"expert1",-1.71184070883826,0.647058823529412,-2.86453084755311,0.428571428571429,0.760001938683469
"619",132,191,508,"expert1",0.710751851279031,0.642857142857143,-2.86453084755311,0.428571428571429,0.972755542371359
"620",132,89,502,"expert1",-1.75010816471359,0.307692307692308,-2.86453084755311,0.428571428571429,0.752952716497279
"621",132,6,708,"expert1",0.783172408661541,0.571428571428571,-2.86453084755311,0.428571428571429,0.974610526104413
"625",134,147,704,"expert1",-0.767000414455569,0.388888888888889,-1.71184070883826,0.647058823529412,0.720076336644655
"626",134,44,709,"expert1",-0.134475948755252,0.571428571428571,-1.71184070883826,0.647058823529412,0.828830979903756
"627",134,154,508,"expert1",0.793448954951636,0.421052631578947,-1.71184070883826,0.647058823529412,0.92451181410015
"628",134,147,501,"expert1",-0.767000414455569,0.388888888888889,-1.71184070883826,0.647058823529412,0.720076336644655
"629",135,121,502,"expert1",1.60856227712087,0.5,0.196202297866246,0.333333333333333,0.804137907489063
"631",135,105,709,"expert1",2.10227294853605,0.6,0.196202297866246,0.333333333333333,0.870577061988672
"632",135,8,501,"expert1",2.32644577096154,0.714285714285714,0.196202297866246,0.333333333333333,0.893808119829634
"634",135,103,506,"expert1",1.66996463638669,0.571428571428571,0.196202297866246,0.333333333333333,0.813628569520615
"635",135,103,501,"expert1",1.66996463638669,0.571428571428571,0.196202297866246,0.333333333333333,0.813628569520615
"636",135,182,709,"expert1",1.06535635528869,0.5,0.196202297866246,0.333333333333333,0.704569644461504
"637",135,49,506,"expert1",2.01296937564684,0.714285714285714,0.196202297866246,0.333333333333333,0.860177749629074
"638",135,175,508,"expert1",2.24106353536798,0.5,0.196202297866246,0.333333333333333,0.885427344652775
"639",135,215,711,"expert1",2.39876818955769,0.789473684210526,0.196202297866246,0.333333333333333,0.900479692276619
"641",135,74,502,"expert1",1.3302435785501,0.466666666666667,0.196202297866246,0.333333333333333,0.756583931813783
"642",135,215,704,"expert1",2.39876818955769,0.789473684210526,0.196202297866246,0.333333333333333,0.900479692276619
"643",136,219,704,"expert1",-1.67280742353156,0.4375,-0.0905193194842997,0.5,0.829528325256458
"644",136,114,508,"expert1",0.896259108230275,0.470588235294118,-0.0905193194842997,0.5,0.728451132087445
"645",136,155,506,"expert1",3.31036923369203,0.823529411764706,-0.0905193194842997,0.5,0.967732293243474
"646",136,57,508,"expert1",-2.19355818617051,0.375,-0.0905193194842997,0.5,0.891198189883412
"647",136,97,708,"expert1",2.76831310809036,0.733333333333333,-0.0905193194842997,0.5,0.945773450519958
"648",136,114,708,"expert1",0.896259108230275,0.470588235294118,-0.0905193194842997,0.5,0.728451132087445
"649",136,22,501,"expert1",1.16433160612391,0.625,-0.0905193194842997,0.5,0.778138449937484
"651",136,24,501,"expert1",2.23298215173226,0.785714285714286,-0.0905193194842997,0.5,0.910804807589996
"652",137,96,702,"expert1",3.19501081725766,0.764705882352941,1.94263606870291,0.714285714285714,0.777710670799057
"653",137,230,506,"expert1",1.00012242353479,0.529411764705882,1.94263606870291,0.714285714285714,0.719607122279274
"654",137,131,506,"expert1",3.45170092380259,0.8,1.94263606870291,0.714285714285714,0.818922577071212
"655",137,123,502,"expert1",0.511922956351256,0.545454545454545,1.94263606870291,0.714285714285714,0.807012402614077
"658",140,4,711,"expert1",3.39207228191039,0.846153846153846,0.399755277037211,0.363636363636364,0.952225825391633
"660",140,25,506,"expert1",1.71149043319304,0.625,0.399755277037211,0.363636363636364,0.787803365436678
"661",140,131,508,"expert1",3.45170092380259,0.8,0.399755277037211,0.363636363636364,0.95486645135258
"662",140,4,713,"expert1",3.39207228191039,0.846153846153846,0.399755277037211,0.363636363636364,0.952225825391633
"663",141,73,710,"expert1",2.5206438877723,0.857142857142857,1.02798203209573,0.5,0.816477466446135
"664",141,56,506,"expert1",2.75313036478551,0.692307692307692,1.02798203209573,0.5,0.848790786233106
"665",141,56,508,"expert1",2.75313036478551,0.692307692307692,1.02798203209573,0.5,0.848790786233106
"667",141,131,508,"expert1",3.45170092380259,0.8,1.02798203209573,0.5,0.918618197610593
"668",141,124,709,"expert1",3.18929992957722,0.842105263157895,1.02798203209573,0.5,0.896721665387866
"669",141,168,702,"expert1",3.83371754264268,0.875,1.02798203209573,0.5,0.942984974506589
"670",141,171,502,"expert1",-1.07307480433552,0.25,1.02798203209573,0.5,0.891005855282008
"671",141,36,502,"expert1",-2.02176858835595,0.3,1.02798203209573,0.5,0.954771758868848
"675",143,8,708,"expert1",2.32644577096154,0.714285714285714,0.988575770639311,0.5,0.792139445544953
"676",143,73,508,"expert1",2.5206438877723,0.857142857142857,0.988575770639311,0.5,0.822308702947825
"677",143,44,710,"expert1",-0.134475948755252,0.571428571428571,0.988575770639311,0.5,0.754554340206089
"679",143,176,502,"expert1",2.58237610034487,0.8125,0.988575770639311,0.5,0.831150111226977
"682",143,96,506,"expert1",3.19501081725766,0.764705882352941,0.988575770639311,0.5,0.900825893649595
"684",144,134,502,"expert1",-1.71184070883826,0.647058823529412,-3.74686912012199,0.0714285714285714,0.884426059461146
"685",144,38,702,"expert1",-1.0304228486083,0.25,-3.74686912012199,0.0714285714285714,0.937990153898361
"686",144,73,710,"expert1",2.5206438877723,0.857142857142857,-3.74686912012199,0.0714285714285714,0.998106651172425
"687",144,86,709,"expert1",4.9055742284104,0.944444444444444,-3.74686912012199,0.0714285714285714,0.999825331040021
"688",144,52,508,"expert1",0.293206011968977,0.5,-3.74686912012199,0.0714285714285714,0.982708120186306
"689",144,134,508,"expert1",-1.71184070883826,0.647058823529412,-3.74686912012199,0.0714285714285714,0.884426059461146
"690",144,99,502,"expert1",-2.75224914967226,0.25,-3.74686912012199,0.0714285714285714,0.72999948661444
"691",144,72,506,"expert1",4.49887814311029,0.928571428571429,-3.74686912012199,0.0714285714285714,0.999737696833945
"692",144,99,508,"expert1",-2.75224914967226,0.25,-3.74686912012199,0.0714285714285714,0.72999948661444
"693",144,221,508,"expert1",-1.11196109945688,0.333333333333333,-3.74686912012199,0.0714285714285714,0.933074689430353
"694",144,87,502,"expert1",2.05872410487173,0.75,-3.74686912012199,0.0714285714285714,0.996998368696376
"695",144,75,506,"expert1",-1.44896437459007,0.4375,-3.74686912012199,0.0714285714285714,0.908703362191741
"696",144,27,502,"expert1",1.91006984735736,0.736842105263158,-3.74686912012199,0.0714285714285714,0.996518966594861
"697",145,76,506,"expert1",1.42989059371803,0.714285714285714,0.379463969828648,0.5,0.74085681426327
"702",145,33,704,"expert1",1.30835066201667,0.583333333333333,0.379463969828648,0.5,0.7168493648987
"703",146,102,711,"expert1",0.703346557539146,0.615384615384615,-0.162655176782697,0.533333333333333,0.703913061567762
"704",146,48,506,"expert1",1.58453479440325,0.666666666666667,-0.162655176782697,0.533333333333333,0.851598024570729
"707",146,49,508,"expert1",2.01296937564684,0.714285714285714,-0.162655176782697,0.533333333333333,0.898039132078146
"709",146,24,508,"expert1",2.23298215173226,0.785714285714286,-0.162655176782697,0.533333333333333,0.916494022459616
"710",147,22,508,"expert1",1.16433160612391,0.625,-0.767000414455569,0.388888888888889,0.873396781117036
"711",147,64,713,"expert1",0.742463813512538,0.538461538461538,-0.767000414455569,0.388888888888889,0.818981791887894
"712",147,32,713,"expert1",0.506007506651074,0.470588235294118,-0.767000414455569,0.388888888888889,0.781257219568914
"713",147,114,506,"expert1",0.896259108230275,0.470588235294118,-0.767000414455569,0.388888888888889,0.840675070092539
"715",147,87,508,"expert1",2.05872410487173,0.75,-0.767000414455569,0.388888888888889,0.944050201941691
"716",147,26,506,"expert1",0.481206116877911,0.642857142857143,-0.767000414455569,0.388888888888889,0.776989248770017
"718",147,50,502,"expert1",0.795292542612866,0.722222222222222,-0.767000414455569,0.388888888888889,0.826682131217385
"719",147,195,702,"expert1",0.362944931618472,0.285714285714286,-0.767000414455569,0.388888888888889,0.755828812765331
"720",147,145,709,"expert1",0.379463969828648,0.5,-0.767000414455569,0.388888888888889,0.758864529892493
"721",148,44,506,"expert1",-0.134475948755252,0.571428571428571,-4.39238920495866,0.222222222222222,0.98604567603476
"722",148,223,708,"expert1",-2.57681225102753,0.461538461538462,-4.39238920495866,0.222222222222222,0.860034549700308
"723",148,194,508,"expert1",-3.26804214960762,0.294117647058824,-4.39238920495866,0.222222222222222,0.754794160019603
"724",148,194,708,"expert1",-3.26804214960762,0.294117647058824,-4.39238920495866,0.222222222222222,0.754794160019603
"725",148,217,502,"expert1",-2.30389080811807,0.555555555555556,-4.39238920495866,0.222222222222222,0.889780247545833
"726",148,184,502,"expert1",-3.07182869016231,0.533333333333333,-4.39238920495866,0.222222222222222,0.78927494646193
"727",148,216,709,"expert1",-2.59878623432455,0.277777777777778,-4.39238920495866,0.222222222222222,0.857368443420509
"728",148,93,508,"expert1",-0.103066058564297,0.6,-4.39238920495866,0.222222222222222,0.986471330279893
"730",148,200,501,"expert1",-2.14760123966931,0.529411764705882,-4.39238920495866,0.222222222222222,0.904200006531816
"731",148,200,506,"expert1",-2.14760123966931,0.529411764705882,-4.39238920495866,0.222222222222222,0.904200006531816
"732",148,164,502,"expert1",-5.40640650552256,0.133333333333333,-4.39238920495866,0.222222222222222,0.733805605096274
"733",148,132,506,"expert1",-2.86453084755311,0.428571428571429,-4.39238920495866,0.222222222222222,0.821692750223752
"734",148,226,709,"expert1",1.06048833453222,0.5,-4.39238920495866,0.222222222222222,0.995734314350811
"735",149,92,704,"expert1",-1.25895047142323,0.294117647058824,-0.383332872638321,0.625,0.705913257481366
"736",149,53,708,"expert1",1.29994957645827,0.6,-0.383332872638321,0.625,0.843338692410733
"737",149,154,702,"expert1",0.793448954951636,0.421052631578947,-0.383332872638321,0.625,0.764368674506562
"738",149,227,704,"expert1",0.988939871550235,0.533333333333333,-0.383332872638321,0.625,0.79774710141766
"739",149,191,502,"expert1",0.710751851279031,0.642857142857143,-0.383332872638321,0.625,0.749150121090579
"742",151,21,506,"expert1",2.9278493083109,0.785714285714286,1.34791143619745,0.538461538461538,0.829195718973919
"744",151,56,708,"expert1",2.75313036478551,0.692307692307692,1.34791143619745,0.538461538461538,0.803010747809844
"746",151,97,506,"expert1",2.76831310809036,0.733333333333333,1.34791143619745,0.538461538461538,0.805401378166226
"747",152,72,713,"expert1",4.49887814311029,0.928571428571429,2.6605846434556,0.65,0.862746757606272
"748",152,86,704,"expert1",4.9055742284104,0.944444444444444,2.6605846434556,0.65,0.904217469878766
"753",152,48,508,"expert1",1.58453479440325,0.666666666666667,2.6605846434556,0.65,0.745745726347097
"756",154,95,508,"expert1",-0.320629311423528,0.411764705882353,0.793448954951636,0.421052631578947,0.752888644313703
"757",154,152,713,"expert1",2.6605846434556,0.65,0.793448954951636,0.421052631578947,0.866126504745847
"760",154,103,711,"expert1",1.66996463638669,0.571428571428571,0.793448954951636,0.421052631578947,0.706099664713124
"761",154,152,502,"expert1",2.6605846434556,0.65,0.793448954951636,0.421052631578947,0.866126504745847
"762",154,124,704,"expert1",3.18929992957722,0.842105263157895,0.793448954951636,0.421052631578947,0.916510371924682
"763",154,55,508,"expert1",1.85097755492979,0.733333333333333,0.793448954951636,0.421052631578947,0.74221797434698
"764",154,86,711,"expert1",4.9055742284104,0.944444444444444,0.793448954951636,0.421052631578947,0.983890814193921
"765",154,103,713,"expert1",1.66996463638669,0.571428571428571,0.793448954951636,0.421052631578947,0.706099664713124
"766",154,124,506,"expert1",3.18929992957722,0.842105263157895,0.793448954951636,0.421052631578947,0.916510371924682
"768",155,86,704,"expert1",4.9055742284104,0.944444444444444,3.31036923369203,0.823529411764706,0.831347149672585
"770",157,48,506,"expert1",1.58453479440325,0.666666666666667,-3.97213101733955,0.125,0.996153224465653
"771",157,7,508,"expert1",-2.17974547214743,0.363636363636364,-3.97213101733955,0.125,0.857219502365539
"772",157,136,502,"expert1",-0.0905193194842997,0.5,-3.97213101733955,0.125,0.979798927902186
"773",157,76,709,"expert1",1.42989059371803,0.714285714285714,-3.97213101733955,0.125,0.995512766626378
"774",157,134,508,"expert1",-1.71184070883826,0.647058823529412,-3.97213101733955,0.125,0.905534467484164
"775",157,63,702,"expert1",2.87470756090103,0.846153846153846,-3.97213101733955,0.125,0.998938317987479
"776",157,50,506,"expert1",0.795292542612866,0.722222222222222,-3.97213101733955,0.125,0.991569421428304
"777",157,215,501,"expert1",2.39876818955769,0.789473684210526,-3.97213101733955,0.125,0.998292300892638
"778",157,93,501,"expert1",-0.103066058564297,0.6,-3.97213101733955,0.125,0.979549089709845
"779",157,217,710,"expert1",-2.30389080811807,0.555555555555556,-3.97213101733955,0.125,0.841341054304678
"780",157,218,508,"expert1",1.45233353763528,0.636363636363636,-3.97213101733955,0.125,0.995611914694761
"781",157,47,506,"expert1",0.570525200766846,0.5,-3.97213101733955,0.125,0.989467031158266
"782",157,128,506,"expert1",-2.5074608327017,0.272727272727273,-3.97213101733955,0.125,0.812245928329489
"783",157,203,713,"expert1",-2.99805546047429,0.277777777777778,-3.97213101733955,0.125,0.725931096967271
"784",159,184,708,"expert1",-3.07182869016231,0.533333333333333,-4.2516733258175,0.222222222222222,0.764919867691211
"785",159,111,501,"expert1",-3.08770345256276,0.473684210526316,-4.2516733258175,0.222222222222222,0.762053312968392
"786",159,189,506,"expert1",-2.3854230802798,0.461538461538462,-4.2516733258175,0.222222222222222,0.866023803122236
"787",159,215,508,"expert1",2.39876818955769,0.789473684210526,-4.2516733258175,0.222222222222222,0.998708219953148
"788",159,142,709,"expert1",1.84477255763095,0.7,-4.2516733258175,0.222222222222222,0.997754201647434
"789",159,193,502,"expert1",-3.02568387189628,0.3125,-4.2516733258175,0.222222222222222,0.773115864157817
"790",159,41,501,"expert1",0.00866803610048204,0.588235294117647,-4.2516733258175,0.222222222222222,0.986079046401002
"791",159,26,508,"expert1",0.481206116877911,0.642857142857143,-4.2516733258175,0.222222222222222,0.991275691169038
"792",159,137,709,"expert1",1.94263606870291,0.714285714285714,-4.2516733258175,0.222222222222222,0.997963144998673
"794",159,111,508,"expert1",-3.08770345256276,0.473684210526316,-4.2516733258175,0.222222222222222,0.762053312968392
"795",159,47,506,"expert1",0.570525200766846,0.5,-4.2516733258175,0.222222222222222,0.992015198663137
"796",159,123,502,"expert1",0.511922956351256,0.545454545454545,-4.2516733258175,0.222222222222222,0.991537367017515
"797",159,171,708,"expert1",-1.07307480433552,0.25,-4.2516733258175,0.222222222222222,0.960020910899638
"799",163,64,713,"expert1",0.742463813512538,0.538461538461538,-1.78915704318384,0.25,0.926329042872222
"800",163,119,711,"expert1",0.864946958349921,0.461538461538462,-1.78915704318384,0.25,0.934263488328724
"801",163,29,508,"expert1",-3.22471760103778,0.3,-1.78915704318384,0.25,0.807766236831751
"802",163,225,508,"expert1",2.5322535646999,0.6,-1.78915704318384,0.25,0.986892940786186
"803",163,46,508,"expert1",0.152833398463461,0.4375,-1.78915704318384,0.25,0.874570651456712
"804",163,228,711,"expert1",-0.0621216409287739,0.4,-1.78915704318384,0.25,0.849032822774304
"805",163,46,508,"expert1",0.152833398463461,0.4375,-1.78915704318384,0.25,0.874570651456712
"806",163,58,508,"expert1",0.489315992419984,0.583333333333333,-1.78915704318384,0.25,0.907078423371333
"807",164,111,506,"expert1",-3.08770345256276,0.473684210526316,-5.40640650552256,0.133333333333333,0.910414217735117
"808",164,159,502,"expert1",-4.2516733258175,0.222222222222222,-5.40640650552256,0.133333333333333,0.760374389327125
"809",164,184,506,"expert1",-3.07182869016231,0.533333333333333,-5.40640650552256,0.133333333333333,0.911700558237506
"810",164,111,502,"expert1",-3.08770345256276,0.473684210526316,-5.40640650552256,0.133333333333333,0.910414217735117
"811",164,45,709,"expert1",2.93118230347837,0.769230769230769,-5.40640650552256,0.133333333333333,0.99976070851081
"812",164,223,506,"expert1",-2.57681225102753,0.461538461538462,-5.40640650552256,0.133333333333333,0.944254248222746
"813",164,211,508,"expert1",0.133266954787592,0.769230769230769,-5.40640650552256,0.133333333333333,0.99608755811078
"814",164,111,501,"expert1",-3.08770345256276,0.473684210526316,-5.40640650552256,0.133333333333333,0.910414217735117
"815",164,50,506,"expert1",0.795292542612866,0.722222222222222,-5.40640650552256,0.133333333333333,0.997978110854475
"816",164,200,502,"expert1",-2.14760123966931,0.529411764705882,-5.40640650552256,0.133333333333333,0.962988231658015
"817",164,94,710,"expert1",-3.8095786544225,0.2,-5.40640650552256,0.133333333333333,0.831574566512264
"819",164,50,508,"expert1",0.795292542612866,0.722222222222222,-5.40640650552256,0.133333333333333,0.997978110854475
"820",167,39,710,"expert1",3.96590017124897,0.923076923076923,1.51372546867084,0.470588235294118,0.920720337230366
"822",167,4,508,"expert1",3.39207228191039,0.846153846153846,1.51372546867084,0.470588235294118,0.867421122593808
"827",167,169,710,"expert1",2.55662015924852,0.727272727272727,1.51372546867084,0.470588235294118,0.739408152293676
"835",170,102,508,"expert1",0.703346557539146,0.615384615384615,2.15319375779965,0.625,0.809974916842515
"837",170,72,704,"expert1",4.49887814311029,0.928571428571429,2.15319375779965,0.625,0.912590587673863
"840",171,115,506,"expert1",2.04852279050305,0.583333333333333,-1.07307480433552,0.25,0.957774885607378
"841",171,130,708,"expert1",0.0150319574158124,0.263157894736842,-1.07307480433552,0.25,0.748025044881038
"842",171,40,508,"expert1",1.48898884040287,0.5625,-1.07307480433552,0.25,0.928379792388156
"843",171,21,508,"expert1",2.9278493083109,0.785714285714286,-1.07307480433552,0.25,0.982030105099629
"844",171,21,502,"expert1",2.9278493083109,0.785714285714286,-1.07307480433552,0.25,0.982030105099629
"845",171,63,508,"expert1",2.87470756090103,0.846153846153846,-1.07307480433552,0.25,0.981067892330407
"846",171,176,508,"expert1",2.58237610034487,0.8125,-1.07307480433552,0.25,0.974801537166803
"847",171,64,506,"expert1",0.742463813512538,0.538461538461538,-1.07307480433552,0.25,0.860029934925899
"851",175,153,711,"expert1",3.35047014077434,0.777777777777778,2.24106353536798,0.5,0.752018467794422
"852",175,96,508,"expert1",3.19501081725766,0.764705882352941,2.24106353536798,0.5,0.721908315014296
"853",175,39,502,"expert1",3.96590017124897,0.923076923076923,2.24106353536798,0.5,0.848750777160756
"854",176,86,508,"expert1",4.9055742284104,0.944444444444444,2.58237610034487,0.8125,0.910780161100231
"856",176,122,508,"expert1",1.24982316962949,0.615384615384615,2.58237610034487,0.8125,0.791262605919718
"857",179,202,501,"expert1",-6.47157037640762,0.0588235294117647,-4.97698533363096,0.25,0.816765465295096
"858",179,220,506,"expert1",-2.25898164420275,0.3125,-4.97698533363096,0.25,0.938080678759108
"859",179,132,702,"expert1",-2.86453084755311,0.428571428571429,-4.97698533363096,0.25,0.892107808592985
"860",179,189,502,"expert1",-2.3854230802798,0.461538461538462,-4.97698533363096,0.25,0.930316562456527
"861",179,97,508,"expert1",2.76831310809036,0.733333333333333,-4.97698533363096,0.25,0.999567414741081
"862",179,111,506,"expert1",-3.08770345256276,0.473684210526316,-4.97698533363096,0.25,0.868673629416668
"864",179,134,506,"expert1",-1.71184070883826,0.647058823529412,-4.97698533363096,0.25,0.963213516462261
"865",179,134,502,"expert1",-1.71184070883826,0.647058823529412,-4.97698533363096,0.25,0.963213516462261
"867",180,27,502,"expert1",1.91006984735736,0.736842105263158,0.0209527080477314,0.571428571428571,0.868654834575736
"868",180,170,506,"expert1",2.15319375779965,0.625,0.0209527080477314,0.571428571428571,0.893997571050055
"870",181,50,711,"expert1",0.795292542612866,0.722222222222222,2.16812687791049,0.6875,0.797837697118333
"873",181,226,704,"expert1",1.06048833453222,0.5,2.16812687791049,0.6875,0.751688600858155
"874",182,181,713,"expert1",2.16812687791049,0.6875,1.06535635528869,0.5,0.75077885807553
"877",182,152,506,"expert1",2.6605846434556,0.65,1.06535635528869,0.5,0.83135041560005
"880",182,124,508,"expert1",3.18929992957722,0.842105263157895,1.06535635528869,0.5,0.893208678694764
"881",184,87,501,"expert1",2.05872410487173,0.75,-3.07182869016231,0.533333333333333,0.994121470720443
"884",184,26,709,"expert1",0.481206116877911,0.642857142857143,-3.07182869016231,0.533333333333333,0.972159681783325
"885",184,200,506,"expert1",-2.14760123966931,0.529411764705882,-3.07182869016231,0.533333333333333,0.715902694252437
"888",187,77,501,"expert1",2.52619801498936,0.846153846153846,-2.29645654775943,0.142857142857143,0.992018810135398
"889",187,176,508,"expert1",2.58237610034487,0.8125,-2.29645654775943,0.142857142857143,0.99245152525583
"890",187,226,506,"expert1",1.06048833453222,0.5,-2.29645654775943,0.142857142857143,0.966331520216611
"891",187,27,508,"expert1",1.91006984735736,0.736842105263158,-2.29645654775943,0.142857142857143,0.985320664727117
"892",187,70,502,"expert1",0.230544801337944,0.3125,-2.29645654775943,0.142857142857143,0.926013169758989
"894",187,95,506,"expert1",-0.320629311423528,0.411764705882353,-2.29645654775943,0.142857142857143,0.87823563974768
"895",187,6,508,"expert1",0.783172408661541,0.571428571428571,-2.29645654775943,0.142857142857143,0.95604459475616
"897",187,122,506,"expert1",1.24982316962949,0.615384615384615,-2.29645654775943,0.142857142857143,0.971976269402297
"898",187,114,709,"expert1",0.896259108230275,0.470588235294118,-2.29645654775943,0.142857142857143,0.960559232377437
"899",187,152,501,"expert1",2.6605846434556,0.65,-2.29645654775943,0.142857142857143,0.993015419033449
"900",189,181,702,"expert1",2.16812687791049,0.6875,-2.3854230802798,0.461538461538462,0.989579962712047
"902",189,190,709,"expert1",0.838950835352255,0.4,-2.3854230802798,0.461538461538462,0.961741278123188
"904",189,75,506,"expert1",-1.44896437459007,0.4375,-2.3854230802798,0.461538461538462,0.718383777767435
"905",189,75,710,"expert1",-1.44896437459007,0.4375,-2.3854230802798,0.461538461538462,0.718383777767435
"906",189,209,704,"expert1",-1.21814550583881,0.272727272727273,-2.3854230802798,0.461538461538462,0.762652572030838
"907",190,215,506,"expert1",2.39876818955769,0.789473684210526,0.838950835352255,0.4,0.826327142936451
"908",190,115,702,"expert1",2.04852279050305,0.583333333333333,0.838950835352255,0.4,0.770223202679702
"909",190,96,506,"expert1",3.19501081725766,0.764705882352941,0.838950835352255,0.4,0.913414703382583
"910",190,57,506,"expert1",-2.19355818617051,0.375,0.838950835352255,0.4,0.954021355666536
"911",190,86,501,"expert1",4.9055742284104,0.944444444444444,0.838950835352255,0.4,0.983153517400133
"912",190,125,713,"expert1",2.11273080760509,0.666666666666667,0.838950835352255,0.4,0.78138913011786
"915",191,121,506,"expert1",1.60856227712087,0.5,0.710751851279031,0.642857142857143,0.710499336715461
"918",192,154,710,"expert1",0.793448954951636,0.421052631578947,1.73418239534375,0.5,0.719247785147592
"919",192,4,508,"expert1",3.39207228191039,0.846153846153846,1.73418239534375,0.5,0.839954542032509
"920",192,96,502,"expert1",3.19501081725766,0.764705882352941,1.73418239534375,0.5,0.81165934705895
"922",192,97,508,"expert1",2.76831310809036,0.733333333333333,1.73418239534375,0.5,0.737715936576346
"925",193,44,506,"expert1",-0.134475948755252,0.571428571428571,-3.02568387189628,0.3125,0.94741009790986
"927",193,75,702,"expert1",-1.44896437459007,0.4375,-3.02568387189628,0.3125,0.828739416928296
"928",193,89,502,"expert1",-1.75010816471359,0.307692307692308,-3.02568387189628,0.3125,0.781695722837541
"929",193,64,710,"expert1",0.742463813512538,0.538461538461538,-3.02568387189628,0.3125,0.977426527361581
"930",193,149,506,"expert1",-0.383332872638321,0.625,-3.02568387189628,0.3125,0.933537980508681
"931",193,41,501,"expert1",0.00866803610048204,0.588235294117647,-3.02568387189628,0.3125,0.954102125556591
"933",193,77,508,"expert1",2.52619801498936,0.846153846153846,-3.02568387189628,0.3125,0.996134848991312
"935",193,120,508,"expert1",-1.54759665118691,0.5,-3.02568387189628,0.3125,0.814283492838569
"936",194,210,502,"expert1",-2.30051342602269,0.388888888888889,-3.26804214960762,0.294117647058824,0.724626646041671
"937",194,36,508,"expert1",-2.02176858835595,0.3,-3.26804214960762,0.294117647058824,0.776654130275979
"938",194,198,501,"expert1",-0.959613053776239,0.533333333333333,-3.26804214960762,0.294117647058824,0.909572731254784
"940",194,210,508,"expert1",-2.30051342602269,0.388888888888889,-3.26804214960762,0.294117647058824,0.724626646041671
"941",194,50,502,"expert1",0.795292542612866,0.722222222222222,-3.26804214960762,0.294117647058824,0.983098961067098
"943",194,110,502,"expert1",-1.56090356484,0.533333333333333,-3.26804214960762,0.294117647058824,0.846464777093793
"944",194,21,709,"expert1",2.9278493083109,0.785714285714286,-3.26804214960762,0.294117647058824,0.99796635833662
"945",194,87,506,"expert1",2.05872410487173,0.75,-3.26804214960762,0.294117647058824,0.99516374318994
"946",194,69,501,"expert1",1.28924901517922,0.444444444444444,-3.26804214960762,0.294117647058824,0.989618469440035
"947",194,53,710,"expert1",1.29994957645827,0.6,-3.26804214960762,0.294117647058824,0.989727830371909
"948",195,78,711,"expert1",2.3529702552779,0.642857142857143,0.362944931618472,0.285714285714286,0.87974581662682
"949",195,153,704,"expert1",3.35047014077434,0.777777777777778,0.362944931618472,0.285714285714286,0.95200736498561
"951",195,39,508,"expert1",3.96590017124897,0.923076923076923,0.362944931618472,0.285714285714286,0.973479409431001
"953",195,229,713,"expert1",1.38607936156642,0.615384615384615,0.362944931618472,0.285714285714286,0.735582698582608
"954",195,39,508,"expert1",3.96590017124897,0.923076923076923,0.362944931618472,0.285714285714286,0.973479409431001
"955",195,142,704,"expert1",1.84477255763095,0.7,0.362944931618472,0.285714285714286,0.814848474123891
"956",195,63,508,"expert1",2.87470756090103,0.846153846153846,0.362944931618472,0.285714285714286,0.924962321048785
"958",198,32,709,"expert1",0.506007506651074,0.470588235294118,-0.959613053776239,0.533333333333333,0.812390819986898
"959",198,109,506,"expert1",0.0972571495107217,0.473684210526316,-0.959613053776239,0.533333333333333,0.742091982921868
"962",198,50,508,"expert1",0.795292542612866,0.722222222222222,-0.959613053776239,0.533333333333333,0.852570473367879
"963",198,93,506,"expert1",-0.103066058564297,0.6,-0.959613053776239,0.533333333333333,0.701938718199134
"964",198,180,501,"expert1",0.0209527080477314,0.571428571428571,-0.959613053776239,0.533333333333333,0.727220461428196
"966",199,205,709,"expert1",0.723765140377807,0.7,-3.43705789486458,0.428571428571429,0.984644743258592
"968",199,200,502,"expert1",-2.14760123966931,0.529411764705882,-3.43705789486458,0.428571428571429,0.784055208233481
"969",199,210,508,"expert1",-2.30051342602269,0.388888888888889,-3.43705789486458,0.428571428571429,0.757044634535024
"970",199,55,506,"expert1",1.85097755492979,0.733333333333333,-3.43705789486458,0.428571428571429,0.994973716363864
"972",199,208,506,"expert1",-1.72026098470227,0.368421052631579,-3.43705789486458,0.428571428571429,0.847715797929146
"973",200,141,713,"expert1",1.02798203209573,0.5,-2.14760123966931,0.529411764705882,0.959905022661068
"975",200,146,711,"expert1",-0.162655176782697,0.533333333333333,-2.14760123966931,0.529411764705882,0.879207428508404
"977",200,88,508,"expert1",-0.928694292665544,0.533333333333333,-2.14760123966931,0.529411764705882,0.771871135201864
"978",200,44,502,"expert1",-0.134475948755252,0.571428571428571,-2.14760123966931,0.529411764705882,0.882168276296891
"979",200,2,713,"expert1",-1.0343090886161,0.470588235294118,-2.14760123966931,0.529411764705882,0.752742360580548
"982",201,77,502,"expert1",2.52619801498936,0.846153846153846,-0.183541964038054,0.461538461538462,0.93759893725964
"983",201,122,710,"expert1",1.24982316962949,0.615384615384615,-0.183541964038054,0.461538461538462,0.807425101127523
"984",201,72,508,"expert1",4.49887814311029,0.928571428571429,-0.183541964038054,0.461538461538462,0.990828313662092
"987",201,143,702,"expert1",0.988575770639311,0.5,-0.183541964038054,0.461538461538462,0.76352759288236
"988",202,157,708,"expert1",-3.97213101733955,0.125,-6.47157037640762,0.0588235294117647,0.924102507618675
"989",202,187,508,"expert1",-2.29645654775943,0.142857142857143,-6.47157037640762,0.0588235294117647,0.984859322701157
"990",202,134,502,"expert1",-1.71184070883826,0.647058823529412,-6.47157037640762,0.0588235294117647,0.991504860448338
"991",202,217,502,"expert1",-2.30389080811807,0.555555555555556,-6.47157037640762,0.0588235294117647,0.984748066677
"992",202,203,710,"expert1",-2.99805546047429,0.277777777777778,-6.47157037640762,0.0588235294117647,0.969924720804255
"993",202,199,506,"expert1",-3.43705789486458,0.428571428571429,-6.47157037640762,0.0588235294117647,0.954109156761727
"994",202,182,501,"expert1",1.06535635528869,0.5,-6.47157037640762,0.0588235294117647,0.999467250711732
"995",202,41,506,"expert1",0.00866803610048204,0.588235294117647,-6.47157037640762,0.0588235294117647,0.998468902810135
"996",202,164,708,"expert1",-5.40640650552256,0.133333333333333,-6.47157037640762,0.0588235294117647,0.743676130390186
"997",202,184,502,"expert1",-3.07182869016231,0.533333333333333,-6.47157037640762,0.0588235294117647,0.967696461383884
"998",202,191,702,"expert1",0.710751851279031,0.642857142857143,-6.47157037640762,0.0588235294117647,0.999240675883103
"999",202,159,502,"expert1",-4.2516733258175,0.222222222222222,-6.47157037640762,0.0588235294117647,0.902022097592067
"1000",202,179,506,"expert1",-4.97698533363096,0.25,-6.47157037640762,0.0588235294117647,0.816765465295096
"1001",202,132,506,"expert1",-2.86453084755311,0.428571428571429,-6.47157037640762,0.0588235294117647,0.97358465087722
"1002",202,199,508,"expert1",-3.43705789486458,0.428571428571429,-6.47157037640762,0.0588235294117647,0.954109156761727
"1003",202,213,710,"expert1",-5.3570183468323,0.0714285714285714,-6.47157037640762,0.0588235294117647,0.752976776133176
"1005",203,39,709,"expert1",3.96590017124897,0.923076923076923,-2.99805546047429,0.277777777777778,0.999055543128524
"1007",203,206,702,"expert1",-1.48090029335027,0.5625,-2.99805546047429,0.277777777777778,0.820119182426777
"1008",203,228,502,"expert1",-0.0621216409287739,0.4,-2.99805546047429,0.277777777777778,0.949594455212267
"1009",203,179,708,"expert1",-4.97698533363096,0.25,-2.99805546047429,0.277777777777778,0.878567039733101
"1010",203,218,501,"expert1",1.45233353763528,0.636363636363636,-2.99805546047429,0.277777777777778,0.988460685333496
"1011",203,48,508,"expert1",1.58453479440325,0.666666666666667,-2.99805546047429,0.277777777777778,0.989875192383182
"1012",203,52,508,"expert1",0.293206011968977,0.5,-2.99805546047429,0.277777777777778,0.964127808171105
"1013",203,154,501,"expert1",0.793448954951636,0.421052631578947,-2.99805546047429,0.277777777777778,0.977936162006412
"1014",203,116,506,"expert1",0.998477337469721,0.5,-2.99805546047429,0.277777777777778,0.981952447409859
"1015",203,49,506,"expert1",2.01296937564684,0.714285714285714,-2.99805546047429,0.277777777777778,0.993380045615331
"1016",203,151,508,"expert1",1.34791143619745,0.538461538461538,-2.99805546047429,0.277777777777778,0.987206814336257
"1018",205,104,506,"expert1",3.38201984300314,0.818181818181818,0.723765140377807,0.7,0.934517945536729
"1019",205,142,508,"expert1",1.84477255763095,0.7,0.723765140377807,0.7,0.754175534187818
"1020",206,58,508,"expert1",0.489315992419984,0.583333333333333,-1.48090029335027,0.5625,0.877634342501213
"1026",206,149,506,"expert1",-0.383332872638321,0.625,-1.48090029335027,0.5625,0.749804036086945
"1027",207,199,502,"expert1",-3.43705789486458,0.428571428571429,-4.76845815264831,0.2,0.791072159515901
"1028",207,184,508,"expert1",-3.07182869016231,0.533333333333333,-4.76845815264831,0.2,0.845094010479677
"1029",207,194,506,"expert1",-3.26804214960762,0.294117647058824,-4.76845815264831,0.2,0.817636513374465
"1030",207,219,502,"expert1",-1.67280742353156,0.4375,-4.76845815264831,0.2,0.956712984972438
"1031",207,75,501,"expert1",-1.44896437459007,0.4375,-4.76845815264831,0.2,0.965091540937384
"1032",207,152,702,"expert1",2.6605846434556,0.65,-4.76845815264831,0.2,0.999406596751351
"1035",207,223,508,"expert1",-2.57681225102753,0.461538461538462,-4.76845815264831,0.2,0.899496797609467
"1036",207,46,709,"expert1",0.152833398463461,0.4375,-4.76845815264831,0.2,0.992763045565702
"1037",207,28,502,"expert1",-3.56907035592754,0.2,-4.76845815264831,0.2,0.768415858036052
"1038",207,122,710,"expert1",1.24982316962949,0.615384615384615,-4.76845815264831,0.2,0.997572060234252
"1040",208,26,708,"expert1",0.481206116877911,0.642857142857143,-1.72026098470227,0.368421052631579,0.900381179744496
"1042",208,141,711,"expert1",1.02798203209573,0.5,-1.72026098470227,0.368421052631579,0.939814045283882
"1043",208,35,508,"expert1",-0.438881238563768,0.454545454545455,-1.72026098470227,0.368421052631579,0.782684548211191
"1045",208,72,508,"expert1",4.49887814311029,0.928571428571429,-1.72026098470227,0.368421052631579,0.998012997598728
"1048",208,149,506,"expert1",-0.383332872638321,0.625,-1.72026098470227,0.368421052631579,0.791984316688743
"1050",208,170,709,"expert1",2.15319375779965,0.625,-1.72026098470227,0.368421052631579,0.979636843927268
"1051",209,167,508,"expert1",1.51372546867084,0.470588235294118,-1.21814550583881,0.272727272727273,0.938881287913151
"1052",209,76,508,"expert1",1.42989059371803,0.714285714285714,-1.21814550583881,0.272727272727273,0.933889843343864
"1053",209,205,704,"expert1",0.723765140377807,0.7,-1.21814550583881,0.272727272727273,0.87456189788952
"1054",209,58,508,"expert1",0.489315992419984,0.583333333333333,-1.21814550583881,0.272727272727273,0.846506738933049
"1056",209,78,508,"expert1",2.3529702552779,0.642857142857143,-1.21814550583881,0.272727272727273,0.97264489155079
"1057",209,37,508,"expert1",1.10676005030649,0.583333333333333,-1.21814550583881,0.272727272727273,0.910918808846077
"1058",209,201,702,"expert1",-0.183541964038054,0.461538461538462,-1.21814550583881,0.272727272727273,0.737807414522247
"1059",210,2,502,"expert1",-1.0343090886161,0.470588235294118,-2.30051342602269,0.388888888888889,0.780092300729843
"1060",210,75,501,"expert1",-1.44896437459007,0.4375,-2.30051342602269,0.388888888888889,0.700891990371857
"1061",210,65,506,"expert1",0.125614492735402,0.470588235294118,-2.30051342602269,0.388888888888889,0.918798112069256
"1062",210,43,710,"expert1",-0.39099249261194,0.333333333333333,-2.30051342602269,0.388888888888889,0.87096531765057
"1063",210,180,702,"expert1",0.0209527080477314,0.571428571428571,-2.30051342602269,0.388888888888889,0.910639319689314
"1064",210,22,502,"expert1",1.16433160612391,0.625,-2.30051342602269,0.388888888888889,0.969670780722852
"1065",210,224,709,"expert1",-0.402294167000207,0.333333333333333,-2.30051342602269,0.388888888888889,0.869689848123636
"1068",210,211,710,"expert1",0.133266954787592,0.769230769230769,-2.30051342602269,0.388888888888889,0.91936722135997
"1071",211,92,506,"expert1",-1.25895047142323,0.294117647058824,0.133266954787592,0.769230769230769,0.800946006671119
"1072",211,45,702,"expert1",2.93118230347837,0.769230769230769,0.133266954787592,0.769230769230769,0.94256306946252
"1073",212,50,710,"expert1",0.795292542612866,0.722222222222222,-1.33728811415587,0.363636363636364,0.894029749913425
"1075",212,215,508,"expert1",2.39876818955769,0.789473684210526,-1.33728811415587,0.363636363636364,0.976707511436703
"1077",212,146,508,"expert1",-0.162655176782697,0.533333333333333,-1.33728811415587,0.363636363636364,0.763981419750142
"1078",212,47,508,"expert1",0.570525200766846,0.5,-1.33728811415587,0.363636363636364,0.870773285803335
"1079",212,40,702,"expert1",1.48898884040287,0.5625,-1.33728811415587,0.363636363636364,0.944079374092253
"1080",213,198,508,"expert1",-0.959613053776239,0.533333333333333,-5.3570183468323,0.0714285714285714,0.987840437573622
"1081",213,73,702,"expert1",2.5206438877723,0.857142857142857,-5.3570183468323,0.0714285714285714,0.999621025364934
"1082",213,112,508,"expert1",-2.15066501999287,0.214285714285714,-5.3570183468323,0.0714285714285714,0.961072665368868
"1083",213,167,709,"expert1",1.51372546867084,0.470588235294118,-5.3570183468323,0.0714285714285714,0.99896337079874
"1084",213,221,501,"expert1",-1.11196109945688,0.333333333333333,-5.3570183468323,0.0714285714285714,0.985867672663752
"1085",213,169,506,"expert1",2.55662015924852,0.727272727272727,-5.3570183468323,0.0714285714285714,0.999634412226305
"1086",213,153,506,"expert1",3.35047014077434,0.777777777777778,-5.3570183468323,0.0714285714285714,0.999834684339364
"1087",213,154,501,"expert1",0.793448954951636,0.421052631578947,-5.3570183468323,0.0714285714285714,0.997872052792441
"1088",213,69,508,"expert1",1.28924901517922,0.444444444444444,-5.3570183468323,0.0714285714285714,0.998702823604852
"1090",213,198,508,"expert1",-0.959613053776239,0.533333333333333,-5.3570183468323,0.0714285714285714,0.987840437573622
"1091",213,171,710,"expert1",-1.07307480433552,0.25,-5.3570183468323,0.0714285714285714,0.986399347790791
"1092",213,102,702,"expert1",0.703346557539146,0.615384615384615,-5.3570183468323,0.0714285714285714,0.997671883564428
"1093",214,136,506,"expert1",-0.0905193194842997,0.5,-1.74455134810404,0.4,0.839435246270129
"1095",214,31,506,"expert1",-2.62920026433335,0.2,-1.74455134810404,0.4,0.707784663633756
"1096",214,149,713,"expert1",-0.383332872638321,0.625,-1.74455134810404,0.4,0.795957660539085
"1097",214,50,709,"expert1",0.795292542612866,0.722222222222222,-1.74455134810404,0.4,0.926888248314809
"1100",214,97,710,"expert1",2.76831310809036,0.733333333333333,-1.74455134810404,0.4,0.989151969708073
"1101",214,136,713,"expert1",-0.0905193194842997,0.5,-1.74455134810404,0.4,0.839435246270129
"1105",215,52,506,"expert1",0.293206011968977,0.5,2.39876818955769,0.789473684210526,0.891442618732796
"1106",216,58,711,"expert1",0.489315992419984,0.583333333333333,-2.59878623432455,0.277777777777778,0.956399297011966
"1107",216,41,506,"expert1",0.00866803610048204,0.588235294117647,-2.59878623432455,0.277777777777778,0.93133978572595
"1108",216,212,502,"expert1",-1.33728811415587,0.363636363636364,-2.59878623432455,0.277777777777778,0.779283893017869
"1109",216,144,506,"expert1",-3.74686912012199,0.0714285714285714,-2.59878623432455,0.277777777777778,0.759160574018016
"1110",216,55,501,"expert1",1.85097755492979,0.733333333333333,-2.59878623432455,0.277777777777778,0.988453551923718
"1111",216,95,506,"expert1",-0.320629311423528,0.411764705882353,-2.59878623432455,0.277777777777778,0.90705177570138
"1112",216,109,709,"expert1",0.0972571495107217,0.473684210526316,-2.59878623432455,0.277777777777778,0.936792768974926
"1113",216,27,508,"expert1",1.91006984735736,0.736842105263158,-2.59878623432455,0.277777777777778,0.989108874004266
"1114",216,50,506,"expert1",0.795292542612866,0.722222222222222,-2.59878623432455,0.277777777777778,0.967518969107623
"1116",216,147,502,"expert1",-0.767000414455569,0.388888888888889,-2.59878623432455,0.277777777777778,0.861974331378021
"1117",216,47,508,"expert1",0.570525200766846,0.5,-2.59878623432455,0.277777777777778,0.959662938676204
"1118",216,52,711,"expert1",0.293206011968977,0.5,-2.59878623432455,0.277777777777778,0.947449162476529
"1119",217,88,506,"expert1",-0.928694292665544,0.533333333333333,-2.30389080811807,0.555555555555556,0.798218431506684
"1121",217,40,709,"expert1",1.48898884040287,0.5625,-2.30389080811807,0.555555555555556,0.977965815949919
"1124",218,4,506,"expert1",3.39207228191039,0.846153846153846,1.45233353763528,0.636363636363636,0.874323439000048
"1126",218,104,709,"expert1",3.38201984300314,0.818181818181818,1.45233353763528,0.636363636363636,0.87321469456253
"1128",219,131,710,"expert1",3.45170092380259,0.8,-1.67280742353156,0.4375,0.994086041427789
"1129",219,135,704,"expert1",0.196202297866246,0.333333333333333,-1.67280742353156,0.4375,0.866343652395037
"1132",219,113,711,"expert1",-0.194329941876278,0.583333333333333,-1.67280742353156,0.4375,0.814342503157419
"1134",219,39,710,"expert1",3.96590017124897,0.923076923076923,-1.67280742353156,0.4375,0.996455147561447
"1136",220,26,502,"expert1",0.481206116877911,0.642857142857143,-2.25898164420275,0.3125,0.939356793490861
"1137",220,229,506,"expert1",1.38607936156642,0.615384615384615,-2.25898164420275,0.3125,0.974545061960852
"1138",220,146,502,"expert1",-0.162655176782697,0.533333333333333,-2.25898164420275,0.3125,0.890545617835841
"1140",220,2,508,"expert1",-1.0343090886161,0.470588235294118,-2.25898164420275,0.3125,0.772884786940044
"1143",220,102,508,"expert1",0.703346557539146,0.615384615384615,-2.25898164420275,0.3125,0.950842929880506
"1145",220,146,508,"expert1",-0.162655176782697,0.533333333333333,-2.25898164420275,0.3125,0.890545617835841
"1146",220,103,501,"expert1",1.66996463638669,0.571428571428571,-2.25898164420275,0.3125,0.980714848217546
"1147",221,105,508,"expert1",2.10227294853605,0.6,-1.11196109945688,0.333333333333333,0.961366429948017
"1148",221,52,508,"expert1",0.293206011968977,0.5,-1.11196109945688,0.333333333333333,0.803002551009942
"1149",221,55,506,"expert1",1.85097755492979,0.733333333333333,-1.11196109945688,0.333333333333333,0.950871454983975
"1150",221,33,702,"expert1",1.30835066201667,0.583333333333333,-1.11196109945688,0.333333333333333,0.918363121061596
"1151",221,53,508,"expert1",1.29994957645827,0.6,-1.11196109945688,0.333333333333333,0.917731054554317
"1152",221,215,502,"expert1",2.39876818955769,0.789473684210526,-1.11196109945688,0.333333333333333,0.970991513100807
"1153",221,135,506,"expert1",0.196202297866246,0.333333333333333,-1.11196109945688,0.333333333333333,0.787205663507667
"1154",221,155,501,"expert1",3.31036923369203,0.823529411764706,-1.11196109945688,0.333333333333333,0.988136218025627
"1156",221,176,506,"expert1",2.58237610034487,0.8125,-1.11196109945688,0.333333333333333,0.97573928856412
"1160",223,201,506,"expert1",-0.183541964038054,0.461538461538462,-2.57681225102753,0.461538461538462,0.916312687625563
"1161",223,50,502,"expert1",0.795292542612866,0.722222222222222,-2.57681225102753,0.461538461538462,0.966821274895061
"1162",223,219,508,"expert1",-1.67280742353156,0.4375,-2.57681225102753,0.461538461538462,0.711771800116854
"1164",224,74,508,"expert1",1.3302435785501,0.466666666666667,-0.402294167000207,0.333333333333333,0.849736737972183
"1166",224,71,508,"expert1",0.977892997298139,0.5,-0.402294167000207,0.333333333333333,0.799021057973765
"1167",224,105,506,"expert1",2.10227294853605,0.6,-0.402294167000207,0.333333333333333,0.924461372190201
"1168",224,230,502,"expert1",1.00012242353479,0.529411764705882,-0.402294167000207,0.333333333333333,0.802567084962446
"1169",224,226,506,"expert1",1.06048833453222,0.5,-0.402294167000207,0.333333333333333,0.811957882279039
"1170",224,34,708,"expert1",-1.39573097680693,0.3,-0.402294167000207,0.333333333333333,0.729766221922035
"1171",224,77,508,"expert1",2.52619801498936,0.846153846153846,-0.402294167000207,0.333333333333333,0.949237068460307
"1172",224,76,708,"expert1",1.42989059371803,0.714285714285714,-0.402294167000207,0.333333333333333,0.862021788345655
"1173",224,176,702,"expert1",2.58237610034487,0.8125,-0.402294167000207,0.333333333333333,0.95187675611671
"1174",225,154,502,"expert1",0.793448954951636,0.421052631578947,2.5322535646999,0.6,0.850535165034535
"1179",225,104,508,"expert1",3.38201984300314,0.818181818181818,2.5322535646999,0.6,0.700518111716045
"1180",226,181,502,"expert1",2.16812687791049,0.6875,1.06048833453222,0.5,0.751688600858155
"1181",226,115,704,"expert1",2.04852279050305,0.583333333333333,1.06048833453222,0.5,0.728699515833455
"1184",226,135,508,"expert1",0.196202297866246,0.333333333333333,1.06048833453222,0.5,0.703555351724929
"1186",226,124,502,"expert1",3.18929992957722,0.842105263157895,1.06048833453222,0.5,0.893672136232675
"1187",226,125,713,"expert1",2.11273080760509,0.666666666666667,1.06048833453222,0.5,0.741205283005355
"1188",226,137,711,"expert1",1.94263606870291,0.714285714285714,1.06048833453222,0.5,0.707267086601233
"1189",227,77,508,"expert1",2.52619801498936,0.846153846153846,0.988939871550235,0.533333333333333,0.823065786399083
"1190",227,152,702,"expert1",2.6605846434556,0.65,0.988939871550235,0.533333333333333,0.84179498876477
"1193",227,170,501,"expert1",2.15319375779965,0.625,0.988939871550235,0.533333333333333,0.762104808661067
"1195",227,130,710,"expert1",0.0150319574158124,0.263157894736842,0.988939871550235,0.533333333333333,0.725897742321131
"1196",228,105,508,"expert1",2.10227294853605,0.6,-0.0621216409287739,0.4,0.897006256147108
"1197",228,187,506,"expert1",-2.29645654775943,0.142857142857143,-0.0621216409287739,0.4,0.90329070435724
"1198",228,168,709,"expert1",3.83371754264268,0.875,-0.0621216409287739,0.4,0.980078618389231
"1199",228,151,508,"expert1",1.34791143619745,0.538461538461538,-0.0621216409287739,0.4,0.80377116071293
"1200",228,124,501,"expert1",3.18929992957722,0.842105263157895,-0.0621216409287739,0.4,0.962724161204389
"1203",228,143,506,"expert1",0.988575770639311,0.5,-0.0621216409287739,0.4,0.740908798855973
"1204",228,226,508,"expert1",1.06048833453222,0.5,-0.0621216409287739,0.4,0.754472519108007
"1209",229,73,508,"expert1",2.5206438877723,0.857142857142857,1.38607936156642,0.615384615384615,0.756680282223157
"1210",230,152,508,"expert1",2.6605846434556,0.65,1.00012242353479,0.529411764705882,0.840300040823412
"1213",230,27,713,"expert1",1.91006984735736,0.736842105263158,1.00012242353479,0.529411764705882,0.71298940391968
"1214",230,8,710,"expert1",2.32644577096154,0.714285714285714,1.00012242353479,0.529411764705882,0.790231823013222
"1215",230,41,702,"expert1",0.00866803610048204,0.588235294117647,1.00012242353479,0.529411764705882,0.729375095367619
"1216",230,78,713,"expert1",2.3529702552779,0.642857142857143,1.00012242353479,0.529411764705882,0.794594823859732
