candidate_chosen,judge,candidate_not_chosen,time_taken,choice
86.1,J1,23.2,39.231,right
57.1,J1,21.1,18.56,right
64.1,J1,57.2,34.323,right
102.2,J1,54.2,45.538,right
97.1,J1,26.1,41.313,left
9.2,J1,12.2,32.578,right
120.1,J1,48.1,7.964,right
72.2,J1,83.2,17.183,left
27.1,J1,41.1,23.442,left
98.1,J1,91.1,13.501,right
113.2,J1,113.1,34.775,right
116.1,J1,45.1,1.649,right
92.1,J1,3.2,2.644,right
119.1,J1,68.1,69.218,right
82.1,J1,106.1,64.38,left
58.1,J1,38.1,22.494,right
94.1,J1,76.2,24.819,left
45.2,J1,65.2,11.145,right
34.1,J1,51.1,189.069,right
52.2,J1,115.1,79.189,right
28.1,J1,46.2,42.889,right
74.2,J1,118.2,67.024,left
33.1,J1,90.1,42.188,left
108.2,J1,99.1,29.49,right
111.2,J1,84.2,18.446,left
73.1,J1,60.1,184.495,right
67.2,J1,42.2,20.961,right
17.1,J1,79.2,268.727,right
44.2,J1,52.1,67.202,right
55.1,J1,14.2,56.924,left
75.1,J1,11.2,27.727,right
43.2,J1,41.2,45.388,left
30.1,J1,74.1,36.916,right
61.2,J1,110.2,26.84,left
64.2,J1,80.2,25.394,left
81.2,J1,112.2,2.289,right
105.1,J1,104.2,20.564,left
49.1,J1,115.2,65.535,left
31.1,J1,53.2,7.534,right
56.1,J1,35.1,50.575,right
84.1,J1,77.2,30.438,right
26.2,J1,78.2,13.296,left
44.1,J1,109.2,14.095,right
73.2,J1,83.1,50.197,right
99.2,J1,105.2,3.378,left
47.2,J1,35.2,10.164,right
114.1,J1,72.1,39.612,right
62.1,J1,103.2,21.837,right
63.1,J1,69.2,9.268,left
81.1,J1,15.2,16.508,left
65.1,J1,48.2,1.699,right
37.1,J1,32.1,29.157,left
59.1,J1,101.2,17.336,right
117.1,J1,25.2,17.518,left
93.1,J1,89.1,17.565,right
2.2,J1,109.1,1440.36,right
59.2,J1,10.2,1.647,right
47.1,J1,60.2,11.226,left
58.2,J1,114.2,12.122,left
95.1,J1,25.1,58.81,left
107.1,J1,61.1,14.348,right
34.2,J1,51.2,3.882,right
19.1,J1,22.2,13.558,left
118.1,J1,85.1,23.434,left
22.1,J1,85.1,43.829,right
50.1,J1,22.1,22.158,right
50.1,J1,42.1,7.792,left
77.1,J1,42.1,14.066,right
77.1,J1,20.1,12.197,left
76.1,J1,20.1,10.929,right
18.1,J1,76.1,10.827,right
23.2,J1,18.1,20.402,right
86.1,J1,16.1,18.399,left
13.2,J1,16.1,19.053,right
13.2,J1,21.1,5.147,left
66.1,J1,57.1,27.505,right
112.1,J1,66.1,6.594,right
112.1,J1,57.2,4.236,left
64.1,J1,54.2,23.992,left
102.2,J1,97.1,43.521,left
26.1,J1,12.2,11.454,left
9.2,J1,48.1,5.833,left
120.1,J1,72.2,24.961,left
27.1,J1,83.2,35.902,right
41.1,J1,91.1,15.33,left
98.1,J1,113.1,17.167,left
113.2,J1,45.1,1.72,left
75.2,J1,116.1,21.326,right
75.2,J1,43.1,45.333,left
43.1,J1,3.2,8.347,left
92.1,J1,68.1,194.618,left
82.1,J1,119.1,30.517,right
106.1,J1,38.1,28.628,left
58.1,J1,94.1,23.608,left
76.2,J1,65.2,11.102,left
51.1,J1,45.2,19.134,right
34.1,J1,115.1,19.194,left
52.2,J1,46.2,36.513,left
28.1,J1,74.2,15.181,left
33.1,J1,118.2,20.172,right
99.1,J1,90.1,35.726,right
111.2,J1,108.2,21.988,right
60.1,J1,84.2,7.274,right
73.1,J1,42.2,18.884,left
67.2,J1,79.2,19.31,left
17.1,J1,52.1,4.76,left
55.1,J1,44.2,13.327,right
14.2,J1,11.2,27.752,left
75.1,J1,43.2,13.956,left
74.1,J1,41.2,40.144,right
30.1,J1,61.2,42.516,left
110.2,J1,64.2,83.038,left
80.2,J1,112.2,1.694,left
81.2,J1,105.1,82.46,left
49.1,J1,104.2,21.698,right
115.2,J1,53.2,10.944,left
35.1,J1,31.1,49.262,right
56.1,J1,77.2,60.289,left
26.2,J1,84.1,62.794,right
109.2,J1,78.2,10.613,right
83.1,J1,44.1,17.469,right
73.2,J1,99.2,21.571,left
105.2,J1,35.2,42.961,left
72.1,J1,47.2,25.868,right
114.1,J1,103.2,53.647,left
63.1,J1,62.1,21.451,right
81.1,J1,69.2,10.728,right
15.2,J1,48.2,1.682,left
37.1,J1,65.1,11.609,right
29.1,J1,32.1,51.072,right
56.2,J1,29.1,39.768,right
56.2,J1,101.2,14.092,left
59.1,J1,117.1,39.076,left
89.1,J1,25.2,20.717,right
93.1,J1,109.1,16.594,left
2.2,J1,10.2,1.376,left
47.1,J1,59.2,13.99,right
58.2,J1,60.2,54.04,right
95.1,J1,114.2,135.173,right
61.1,J1,25.1,49.426,right
107.1,J1,51.2,4.985,left
34.2,J1,19.1,78.481,left
118.1,J1,22.2,20.46,right
42.2,J10,31.1,51.9,NA
30.1,J10,86.1,15.3,NA
105.1,J10,2.2,12.5,NA
27.1,J10,109.2,9.9,NA
111.2,J10,22.1,14.4,NA
76.1,J10,46.2,11.8,NA
114.2,J10,48.2,2.1,NA
57.1,J10,38.1,31.8,NA
61.1,J10,102.2,27.3,NA
65.1,J10,84.2,19.5,NA
13.2,J10,118.2,16,NA
26.1,J10,79.2,24.1,NA
14.2,J10,86.1,37.2,NA
118.1,J10,22.2,11.2,NA
114.1,J10,50.1,16.3,NA
120.1,J10,65.1,16.6,NA
94.1,J10,103.2,46.1,NA
80.2,J10,51.2,4.9,NA
12.2,J10,102.2,27.5,NA
47.1,J10,101.2,27.8,NA
102.2,J10,57.2,9.1,NA
41.1,J10,59.2,10.6,NA
84.1,J10,11.2,12.7,NA
105.1,J10,81.2,15.7,NA
86.1,J10,99.1,7.3,NA
61.2,J10,44.1,6,NA
59.1,J10,72.2,9.3,NA
72.1,J10,49.1,12.1,NA
73.2,J10,66.1,16.1,NA
93.1,J10,105.2,6.2,NA
107.1,J10,46.2,17.6,NA
72.2,J10,35.2,17.7,NA
92.1,J10,75.2,17.7,NA
15.2,J10,45.1,1.9,NA
32.1,J10,75.1,19.8,NA
60.1,J10,99.2,11,NA
98.1,J10,3.2,2.1,NA
30.1,J10,106.1,9.2,NA
117.1,J10,75.2,12.6,NA
77.2,J10,115.1,21.8,NA
47.2,J10,108.2,14.7,NA
43.1,J10,112.2,2,NA
61.2,J10,78.2,6,NA
86.1,J10,48.1,2.9,NA
55.1,J10,117.1,13.3,NA
110.2,J10,44.2,12.1,NA
56.1,J10,61.1,9.2,NA
64.1,J10,21.1,7.3,NA
37.1,J10,99.2,12.4,NA
65.1,J10,18.1,23.7,NA
49.1,J10,20.1,12.5,NA
110.2,J10,29.1,15.3,NA
95.1,J10,97.1,11.6,NA
28.1,J10,25.1,121,NA
114.1,J10,67.2,9.8,NA
56.2,J10,65.2,6.4,NA
43.2,J10,85.1,7,NA
112.1,J10,22.2,7.2,NA
9.2,J10,115.2,5.8,NA
90.1,J10,31.1,33.7,NA
23.2,J10,109.2,10.1,NA
56.1,J10,104.2,12.2,NA
81.1,J10,104.2,5.9,NA
118.1,J10,34.2,18.7,NA
77.2,J10,10.2,1.7,NA
73.1,J10,75.1,20,NA
74.2,J10,58.2,20,NA
73.1,J10,60.2,8.1,NA
41.2,J10,43.1,10.7,NA
14.2,J10,116.1,19,NA
22.1,J10,42.1,20,NA
110.2,J10,113.1,254.6,NA
33.1,J10,52.1,15.7,NA
68.1,J10,115.1,11.7,NA
119.1,J10,15.2,10.6,NA
109.1,J10,115.1,16.9,NA
83.1,J10,114.2,10.2,NA
58.1,J10,25.2,7.3,NA
43.1,J10,45.2,14.1,NA
58.1,J10,19.1,8.8,NA
63.1,J10,37.1,13.8,NA
74.1,J10,82.1,12.2,NA
34.2,J10,16.1,16.2,NA
91.1,J10,113.1,36.3,NA
13.2,J10,52.2,16.3,NA
26.1,J10,60.2,27.9,NA
27.1,J10,47.2,17.7,NA
59.1,J10,34.2,18.3,NA
17.1,J10,106.1,13.9,NA
99.1,J10,49.1,16.2,NA
69.2,J10,78.2,8,NA
51.2,J10,65.2,4.2,NA
97.1,J10,101.2,8.6,NA
113.2,J10,44.1,10.1,NA
105.2,J10,48.1,16.7,NA
64.2,J10,84.1,14.4,NA
48.2,J10,45.1,19.1,NA
25.2,J10,11.2,18.5,NA
103.2,J10,12.2,19.9,NA
83.1,J10,54.2,19.5,NA
61.2,J10,3.2,1.4,NA
61.2,J10,66.1,10.1,NA
107.1,J10,20.1,11.1,NA
92.1,J10,43.1,6.5,NA
94.1,J10,81.2,8.7,NA
26.2,J10,109.2,5.7,NA
9.2,J10,34.1,32.8,NA
22.1,J10,35.2,4.4,NA
60.1,J10,61.2,13.5,NA
42.2,J10,77.1,4.7,NA
75.2,J10,89.1,8.6,NA
103.2,J10,120.1,20.8,NA
98.1,J10,38.1,43.3,NA
35.1,J10,41.1,7.7,NA
109.1,J10,118.2,11.9,NA
111.2,J10,51.1,12.3,NA
59.2,J10,45.2,26.2,NA
57.2,J10,45.1,2.1,NA
72.2,J10,50.1,10.6,NA
43.2,J10,41.2,8,NA
66.1,J10,115.2,8.2,NA
62.1,J10,48.1,13.3,NA
42.1,J10,11.2,11.1,NA
116.1,J10,112.2,1.4,NA
28.1,J10,16.1,16.4,NA
44.2,J10,41.2,11.7,NA
95.1,J10,25.2,10.4,NA
72.1,J10,81.2,12.2,NA
58.2,J10,73.1,14,NA
76.2,J10,77.1,4,NA
101.2,J10,10.2,1.5,NA
2.2,J10,18.1,18.1,NA
103.2,J10,85.1,8.9,NA
112.1,J10,21.1,13.9,NA
56.2,J10,47.2,29.5,NA
90.1,J10,41.2,9.3,NA
91.1,J10,51.2,8.2,NA
119.1,J10,83.1,20,NA
26.1,J10,108.2,12.3,NA
63.1,J10,15.2,7.5,NA
74.2,J10,25.2,11.4,NA
22.2,J10,52.2,13.9,NA
91.1,J10,83.2,11.8,NA
94.1,J11,59.1,84.8,NA
55.1,J11,76.1,48.4,NA
14.2,J11,99.1,74.6,NA
41.1,J11,114.2,91.3,NA
65.1,J11,118.2,80.8,NA
29.1,J11,111.2,64.5,NA
35.2,J11,48.2,7.6,NA
23.2,J11,53.2,28.4,NA
30.1,J11,42.2,50.8,NA
75.1,J11,83.1,42.3,NA
116.1,J11,82.1,74.1,NA
106.1,J11,11.2,52.9,NA
115.1,J11,44.1,75,NA
112.2,J11,3.2,10.1,NA
61.1,J11,75.2,94.1,NA
59.1,J11,25.1,92.2,NA
33.1,J11,31.1,31.7,NA
120.1,J11,35.2,42.8,NA
105.1,J11,86.1,52.7,NA
92.1,J11,42.2,29.8,NA
64.2,J11,105.2,38.5,NA
85.1,J11,57.2,19.9,NA
47.2,J11,59.2,777,NA
64.1,J11,15.2,55.2,NA
47.2,J11,79.2,36.9,NA
52.1,J11,102.2,77.8,NA
59.1,J11,68.1,76.3,NA
27.1,J11,99.2,135.9,NA
19.1,J11,2.2,126.7,NA
16.1,J11,38.1,54.2,NA
43.1,J11,12.2,66.5,NA
81.1,J11,48.1,46.8,NA
2.2,J11,46.2,39.9,NA
37.1,J11,50.1,98.2,NA
60.1,J11,102.2,60.3,NA
107.1,J11,112.2,30.4,NA
67.2,J11,2.2,29.5,NA
112.1,J11,30.1,130.9,NA
22.1,J11,115.1,54.4,NA
29.1,J11,85.1,26.6,NA
2.2,J11,118.2,25,NA
35.2,J11,95.1,24.2,NA
83.1,J11,44.2,63.8,NA
97.1,J11,20.1,22.7,NA
35.1,J11,79.2,67.5,NA
113.2,J11,65.2,46.5,NA
94.1,J11,52.2,45.6,NA
23.2,J11,118.2,15.5,NA
97.1,J11,109.1,173.7,NA
30.1,J11,13.2,15.7,NA
108.2,J11,3.2,3.4,NA
77.1,J11,51.2,10.7,NA
117.1,J11,69.2,36.2,NA
9.2,J11,25.1,40.5,NA
45.2,J11,76.2,24.6,NA
62.1,J11,48.2,10.9,NA
33.1,J11,85.1,25.2,NA
11.2,J11,109.2,12.5,NA
49.1,J11,81.2,32.2,NA
56.1,J11,26.1,30,NA
32.1,J11,84.2,25,NA
65.1,J11,44.1,12,NA
81.2,J11,90.1,18.8,NA
74.2,J11,21.1,28.5,NA
34.1,J11,109.1,20.9,NA
107.1,J11,18.1,44.1,NA
75.1,J11,35.2,9.1,NA
111.2,J11,42.2,34.3,NA
45.2,J11,41.1,36.4,NA
118.1,J11,56.1,53.3,NA
114.1,J11,10.2,2.9,NA
60.2,J11,114.2,25.3,NA
57.1,J11,76.2,21.2,NA
14.2,J11,65.1,187.5,NA
55.1,J11,26.2,53.7,NA
64.2,J11,74.1,56,NA
73.2,J11,43.2,21.1,NA
63.1,J11,12.2,31.6,NA
84.1,J11,69.2,16.6,NA
28.1,J11,45.1,2.2,NA
64.1,J11,113.1,75.9,NA
76.2,J11,78.2,8.7,NA
114.2,J11,76.1,19.8,NA
54.2,J11,50.1,22.1,NA
119.1,J11,84.2,25.3,NA
106.1,J11,75.1,16.6,NA
54.2,J11,104.2,19.5,NA
85.1,J11,89.1,10.6,NA
67.2,J11,17.1,43.4,NA
31.1,J11,45.2,82.1,NA
72.1,J11,114.2,26.9,NA
47.1,J11,53.2,13,NA
117.1,J11,66.1,23.8,NA
82.1,J11,115.2,13.2,NA
44.2,J11,42.1,17.4,NA
77.2,J11,109.1,51.3,NA
80.2,J11,115.2,31.2,NA
57.1,J11,61.1,20.6,NA
82.1,J11,56.2,16.4,NA
99.1,J11,38.1,20.1,NA
58.2,J11,80.2,29.8,NA
35.1,J11,22.2,15.3,NA
101.2,J11,84.2,23.6,NA
98.1,J11,14.2,16.2,NA
105.2,J11,83.2,26.4,NA
116.1,J11,66.1,35.9,NA
34.2,J11,58.1,37.6,NA
57.2,J11,61.2,127.5,NA
59.2,J11,38.1,115.8,NA
119.1,J11,120.1,54.1,NA
93.1,J11,51.2,12.6,NA
60.1,J11,83.2,76.9,NA
73.1,J11,2.2,37,NA
92.1,J11,75.1,31.6,NA
54.2,J11,81.1,33.8,NA
110.2,J11,22.2,19.8,NA
93.1,J11,46.2,49.4,NA
73.2,J11,91.1,22.4,NA
52.1,J11,51.2,17.6,NA
19.1,J11,25.2,13,NA
67.2,J11,27.1,45.7,NA
105.1,J11,72.2,37.7,NA
44.2,J11,68.1,48.5,NA
55.1,J11,64.1,17.9,NA
28.1,J11,76.1,30.9,NA
94.1,J11,44.1,41.3,NA
56.1,J11,78.2,10.8,NA
118.1,J11,89.1,21.6,NA
74.1,J11,20.1,14.9,NA
103.2,J11,43.1,35.2,NA
59.2,J11,111.2,31.4,NA
35.1,J11,61.1,60.1,NA
90.1,J11,15.2,21.9,NA
74.2,J11,22.2,21.8,NA
47.1,J11,95.1,17.8,NA
16.1,J11,77.2,34.1,NA
22.1,J11,12.2,46.4,NA
56.2,J11,58.1,12.3,NA
75.1,J11,10.2,2.4,NA
112.1,J11,77.2,18.6,NA
101.2,J11,26.1,21.9,NA
60.1,J11,34.1,42.2,NA
47.1,J11,113.2,22.2,NA
50.1,J2,85.1,29.555,right
22.1,J2,42.1,70.46,left
76.1,J2,77.1,10.759,right
18.1,J2,20.1,22.673,right
23.2,J2,16.1,16.548,left
13.2,J2,86.1,39.301,right
66.1,J2,21.1,19.308,right
112.1,J2,57.1,24.958,right
54.2,J2,57.2,21.458,right
64.1,J2,102.2,26.894,left
97.1,J2,12.2,17.313,left
9.2,J2,26.1,8.262,right
72.2,J2,48.1,9.385,right
120.1,J2,83.2,32.195,left
27.1,J2,91.1,15.005,left
41.1,J2,98.1,45.549,left
113.1,J2,45.1,3.192,left
113.2,J2,116.1,37.074,left
75.2,J2,3.2,2.156,left
92.1,J2,43.1,41.396,right
82.1,J2,68.1,25.931,right
119.1,J2,106.1,24.947,left
94.1,J2,38.1,21.639,right
76.2,J2,58.1,16.457,right
51.1,J2,65.2,43.176,right
45.2,J2,34.1,15.799,left
115.1,J2,46.2,19.961,left
28.1,J2,52.2,14.957,right
33.1,J2,74.2,20.545,right
90.1,J2,118.2,21.823,right
111.2,J2,99.1,31.205,right
84.2,J2,108.2,24.613,right
60.1,J2,42.2,31.317,left
67.2,J2,73.1,41.564,right
79.2,J2,52.1,17.056,left
44.2,J2,17.1,18.632,right
55.1,J2,11.2,26.659,left
75.1,J2,14.2,43.827,right
74.1,J2,43.2,22.055,right
30.1,J2,41.2,8.752,right
64.2,J2,61.2,40.549,right
110.2,J2,80.2,23.23,left
105.1,J2,112.2,2.606,right
81.2,J2,104.2,24.214,left
49.1,J2,53.2,27.858,left
31.1,J2,115.2,11.652,right
35.1,J2,77.2,18.786,left
56.1,J2,84.1,41.134,left
26.2,J2,109.2,11.073,left
78.2,J2,44.1,15.201,left
83.1,J2,99.2,27.14,left
83.1,J2,105.2,8.595,left
35.2,J2,73.2,15.333,right
99.2,J2,47.2,16.974,left
72.1,J2,103.2,20.072,left
114.1,J2,62.1,12.842,left
81.1,J2,63.1,25.591,right
69.2,J2,15.2,18.222,left
37.1,J2,48.2,2.873,right
65.1,J2,32.1,14.283,left
29.1,J2,101.2,21.11,left
59.1,J2,56.2,16.219,right
117.1,J2,89.1,89.19,left
93.1,J2,25.2,10.201,right
109.1,J2,10.2,1.91,left
2.2,J2,59.2,30.628,left
58.2,J2,47.1,24.118,right
60.2,J2,114.2,51.858,left
61.1,J2,95.1,10.434,right
107.1,J2,25.1,47.717,right
19.1,J2,51.2,9.466,right
22.2,J2,34.2,28.855,right
22.1,J2,118.1,15.777,right
85.1,J2,42.1,26.358,left
77.1,J2,50.1,47.176,right
23.2,J2,20.1,11.787,right
86.1,J2,76.1,18.365,right
18.1,J2,16.1,13.358,left
57.1,J2,13.2,19.99,right
112.1,J2,21.1,10.259,right
57.2,J2,66.1,13.345,right
97.1,J2,64.1,13.26,right
54.2,J2,26.1,21.676,left
102.2,J2,12.2,32.24,left
9.2,J2,120.1,14.767,left
48.1,J2,83.2,25.175,left
27.1,J2,72.2,9.741,right
113.1,J2,41.1,26.671,right
113.2,J2,91.1,18.03,right
98.1,J2,45.1,2.137,left
43.1,J2,116.1,14.411,right
75.2,J2,92.1,15.812,left
68.1,J2,3.2,2.004,right
119.1,J2,38.1,11.92,left
82.1,J2,58.1,46.217,left
94.1,J2,106.1,21.6,right
45.2,J2,76.2,28.828,right
34.1,J2,65.2,5.077,right
51.1,J2,115.1,22.687,left
74.2,J2,52.2,32.959,right
46.2,J2,118.2,32.596,left
33.1,J2,28.1,19.275,right
90.1,J2,108.2,32.437,left
99.1,J2,84.2,15.003,left
60.1,J2,111.2,16.686,right
73.1,J2,79.2,46.94,left
42.2,J2,17.1,17.322,left
67.2,J2,52.1,24.294,left
14.2,J2,44.2,15.049,right
75.1,J2,55.1,21.22,right
43.2,J2,11.2,13.9,right
61.2,J2,41.2,16.169,right
110.2,J2,74.1,18.014,right
30.1,J2,64.2,29.309,left
80.2,J2,81.2,33.456,left
104.2,J2,112.2,1.967,right
105.1,J2,49.1,38.096,left
35.1,J2,115.2,11.127,right
56.1,J2,53.2,17.053,right
31.1,J2,77.2,16.919,left
84.1,J2,78.2,16.7,left
26.2,J2,44.1,12.881,left
109.2,J2,73.2,20.56,left
47.2,J2,105.2,13.993,right
35.2,J2,72.1,26.814,left
63.1,J2,114.1,508.445,right
65.1,J2,15.2,203.166,right
117.1,J2,56.2,11.004,right
25.2,J2,101.2,22.647,right
93.1,J2,2.2,15.194,left
59.2,J2,109.1,13.918,right
25.1,J2,58.2,33.329,right
34.2,J2,107.1,18.368,right
22.2,J2,51.2,9.302,right
85.1,J2,77.1,14.663,left
22.1,J2,20.1,14.855,left
76.1,J2,50.1,16.007,right
18.1,J2,42.1,38.869,right
86.1,J2,21.1,4.937,left
16.1,J2,57.1,11.96,left
66.1,J2,64.1,20.44,left
57.2,J2,102.2,13.301,left
97.1,J2,9.2,15.128,left
103.2,J3,69.2,54.6,left
81.1,J3,62.1,186.855,right
32.1,J3,48.2,3.701,right
29.1,J3,37.1,139.957,right
59.1,J3,89.1,31.139,left
47.1,J3,10.2,2.069,right
95.1,J3,60.2,26.164,right
61.1,J3,114.2,36.633,right
118.1,J3,19.1,89.577,right
13.2,J3,23.2,25.72,right
112.1,J3,54.2,42.455,left
26.1,J3,48.1,30.255,left
120.1,J3,12.2,55.714,right
72.2,J3,41.1,27.974,left
91.1,J3,83.2,50.389,right
98.1,J3,27.1,22.408,right
116.1,J3,113.1,31.303,right
75.2,J3,113.2,27.876,right
43.1,J3,45.1,2.033,right
119.1,J3,3.2,1.32,right
92.1,J3,82.1,33.502,left
68.1,J3,106.1,48.428,left
76.2,J3,38.1,55.235,right
58.1,J3,65.2,29.253,left
94.1,J3,45.2,41.596,left
51.1,J3,52.2,24.039,left
34.1,J3,46.2,34.408,left
28.1,J3,115.1,36.311,right
74.2,J3,90.1,36.269,left
99.1,J3,118.2,34.762,right
33.1,J3,108.2,30.01,left
111.2,J3,73.1,45.209,left
42.2,J3,84.2,24.031,right
67.2,J3,60.1,36.144,right
44.2,J3,79.2,40.753,right
55.1,J3,17.1,37.722,right
14.2,J3,52.1,51.028,right
41.2,J3,11.2,31.577,right
74.1,J3,75.1,22.869,right
43.2,J3,30.1,23.204,left
61.2,J3,80.2,35.137,left
110.2,J3,112.2,2.446,left
81.2,J3,64.2,29.859,right
105.1,J3,115.2,19.465,left
104.2,J3,53.2,29.675,left
31.1,J3,49.1,40.34,right
84.1,J3,35.1,67.2,right
56.1,J3,26.2,36.696,left
77.2,J3,78.2,36.243,left
83.1,J3,109.2,44.302,right
73.2,J3,44.1,40.02,right
35.2,J3,99.2,25.724,right
72.1,J3,105.2,14.753,right
114.1,J3,47.2,44.652,right
63.1,J3,103.2,38.404,right
62.1,J3,69.2,30.681,left
81.1,J3,48.2,1.623,left
37.1,J3,15.2,39.459,right
29.1,J3,65.1,34.708,right
56.2,J3,32.1,38.74,right
117.1,J3,101.2,23.961,right
59.1,J3,25.2,33.368,left
109.1,J3,89.1,25.879,right
93.1,J3,10.2,1.551,left
2.2,J3,47.1,32.4,left
59.2,J3,60.2,41.412,left
95.1,J3,58.2,31.57,right
114.2,J3,25.1,37.083,left
61.1,J3,51.2,16.749,left
19.1,J3,107.1,125.386,right
34.2,J3,118.1,63.198,left
85.1,J3,22.2,39.145,right
22.1,J3,77.1,32.051,left
50.1,J3,20.1,32.728,left
76.1,J3,42.1,25.792,right
86.1,J3,18.1,52.871,right
23.2,J3,21.1,23.932,left
66.1,J3,16.1,34.623,right
112.1,J3,13.2,61,right
57.1,J3,57.2,43.821,left
26.1,J3,64.1,44.683,right
97.1,J3,54.2,43.372,right
102.2,J3,9.2,67.204,left
12.2,J3,48.1,14.775,left
27.1,J3,120.1,41.511,right
72.2,J3,91.1,30.513,left
41.1,J3,83.2,33.189,right
98.1,J3,113.2,20.854,left
75.2,J3,113.1,24.521,right
3.2,J3,45.1,5.64,right
92.1,J3,116.1,30.631,right
68.1,J3,43.1,13.554,right
119.1,J3,58.1,38.408,left
82.1,J3,38.1,28.73,left
76.2,J3,106.1,21.771,right
94.1,J3,65.2,23.051,left
115.1,J3,45.2,46.772,right
51.1,J3,46.2,33.775,left
34.1,J3,52.2,38.091,left
28.1,J3,118.2,22.466,left
74.2,J3,99.1,37.536,left
33.1,J3,111.2,26.826,left
90.1,J3,84.2,21.446,left
60.1,J3,108.2,24.765,right
17.1,J3,73.1,19.754,right
79.2,J3,42.2,36.222,right
44.2,J3,67.2,38.77,right
55.1,J3,52.1,35.308,right
43.2,J3,14.2,35.231,right
74.1,J3,11.2,16.948,right
75.1,J3,41.2,30.422,left
110.2,J3,30.1,24.654,right
61.2,J3,112.2,2.198,left
64.2,J3,105.1,29.767,left
104.2,J3,80.2,20.448,right
81.2,J3,49.1,30.99,left
56.1,J3,115.2,11.922,right
35.1,J3,53.2,33.035,right
84.1,J3,31.1,48.445,right
26.2,J3,77.2,45.742,right
83.1,J3,78.2,20.445,right
99.2,J3,109.2,15.647,right
44.1,J3,105.2,15.156,left
47.2,J3,73.2,30.829,right
114.1,J3,35.2,14.405,right
72.1,J3,62.1,37.61,left
103.2,J3,81.1,30.823,left
63.1,J3,15.2,34.703,left
69.2,J3,48.2,1.94,left
56.2,J3,65.1,28.326,right
37.1,J3,101.2,26.334,left
59.1,J3,32.1,27.308,right
117.1,J3,29.1,30.56,right
109.1,J3,25.2,24.413,right
2.2,J3,89.1,24.129,right
93.1,J3,59.2,36.314,left
60.2,J3,10.2,1.168,right
47.1,J3,114.2,23.002,left
61.1,J3,58.2,34.026,right
107.1,J3,95.1,25.305,right
25.1,J3,51.2,14.633,left
34.2,J3,85.1,32.249,left
22.1,J3,19.1,22.928,right
50.1,J4,22.2,33.11,right
118.1,J4,42.1,33.358,left
18.1,J4,77.1,8.921,right
86.1,J4,20.1,25.138,right
76.1,J4,23.2,11.431,left
18.1,J4,13.2,21.074,left
21.1,J4,57.2,21.156,left
54.2,J4,57.1,33.471,right
102.2,J4,66.1,24.627,right
112.1,J4,64.1,31.478,left
120.1,J4,97.1,50.864,right
26.1,J4,72.2,12.734,left
12.2,J4,83.2,42.917,left
9.2,J4,27.1,6.991,left
41.1,J4,48.1,9.326,right
116.1,J4,91.1,17.39,right
75.2,J4,98.1,42.199,right
43.1,J4,113.1,43.098,right
113.2,J4,3.2,2.4,left
92.1,J4,45.1,1.373,right
58.1,J4,68.1,31.882,right
94.1,J4,119.1,72.98,right
76.2,J4,82.1,21.801,right
106.1,J4,65.2,12.401,left
45.2,J4,38.1,91.678,right
28.1,J4,51.1,65.842,right
34.1,J4,74.2,26.601,left
115.1,J4,118.2,29.391,left
33.1,J4,52.2,25.844,right
90.1,J4,46.2,54.117,right
73.1,J4,99.1,53.306,right
42.2,J4,108.2,17.121,right
111.2,J4,67.2,63.403,left
79.2,J4,84.2,17.342,right
60.1,J4,17.1,26.111,left
52.1,J4,75.1,26.288,left
43.2,J4,44.2,120.377,right
55.1,J4,41.2,138.952,left
74.1,J4,14.2,19.101,right
11.2,J4,30.1,17.067,left
61.2,J4,81.2,11.032,left
105.1,J4,110.2,21.353,right
64.2,J4,104.2,18.669,left
49.1,J4,80.2,43.652,right
115.2,J4,112.2,2.143,right
84.1,J4,53.2,10.319,right
26.2,J4,31.1,21.074,right
35.1,J4,78.2,42.565,left
56.1,J4,109.2,9.618,left
77.2,J4,44.1,29.766,left
47.2,J4,83.1,9.493,right
72.1,J4,73.2,17.358,right
114.1,J4,99.2,18.564,right
103.2,J4,105.2,3.994,right
62.1,J4,35.2,32.649,right
65.1,J4,63.1,116.209,right
37.1,J4,69.2,51.624,right
81.1,J4,32.1,47.273,left
29.1,J4,15.2,27.18,right
56.2,J4,48.2,1.432,right
93.1,J4,101.2,7.95,right
109.1,J4,59.1,57.705,right
117.1,J4,2.2,16.132,left
25.2,J4,10.2,1.319,left
89.1,J4,59.2,11.208,left
25.1,J4,47.1,21.999,right
61.1,J4,60.2,9.774,right
114.2,J4,51.2,5.558,left
34.2,J4,95.1,21.86,right
19.1,J4,50.1,35.032,left
42.1,J4,22.2,8.616,right
118.1,J4,77.1,7.065,left
85.1,J4,76.1,10.568,left
22.1,J4,18.1,16.64,left
16.1,J4,20.1,11.17,right
57.1,J4,23.2,18.63,right
86.1,J4,66.1,22.365,left
13.2,J4,64.1,24.298,left
54.2,J4,21.1,16.247,right
112.1,J4,97.1,33.538,left
26.1,J4,57.2,5.695,right
102.2,J4,48.1,5.491,left
27.1,J4,12.2,13.784,right
9.2,J4,41.1,29.144,left
120.1,J4,91.1,7.801,left
72.2,J4,98.1,21.158,left
113.1,J4,83.2,23.054,right
92.1,J4,113.2,24.767,right
68.1,J4,45.1,1.048,right
119.1,J4,116.1,23.772,right
75.2,J4,82.1,51.119,left
106.1,J4,43.1,22.636,right
38.1,J4,3.2,2.172,right
58.1,J4,51.1,216.953,left
94.1,J4,34.1,36.369,left
76.2,J4,115.1,11.47,left
52.2,J4,65.2,4.089,right
45.2,J4,46.2,11.116,left
28.1,J4,99.1,24.481,left
74.2,J4,108.2,26.976,left
111.2,J4,118.2,14.158,right
33.1,J4,84.2,17.914,left
90.1,J4,60.1,16.18,left
73.1,J4,52.1,79.368,left
44.2,J4,42.2,38.808,right
107.1,J4,58.2,27.511,right
67.2,J4,55.1,35.077,left
14.2,J4,79.2,59.927,right
11.2,J4,17.1,22.498,right
61.2,J4,75.1,20.06,right
110.2,J4,43.2,48.05,right
64.2,J4,41.2,90.993,right
80.2,J4,74.1,16.544,right
30.1,J4,112.2,4.497,left
81.2,J4,53.2,38.656,left
31.1,J4,105.1,30.063,right
35.1,J4,104.2,11.129,right
56.1,J4,49.1,25.585,right
77.2,J4,115.2,5.249,right
84.1,J4,83.1,21.678,left
26.2,J4,73.2,76.632,left
99.2,J4,78.2,28.285,right
109.2,J4,105.2,15.171,left
44.1,J4,35.2,17.392,left
47.2,J4,63.1,41.694,left
72.1,J4,69.2,22.073,left
81.1,J4,114.1,51.051,right
103.2,J4,15.2,14.633,left
62.1,J4,48.2,2.3,left
101.2,J4,65.1,39.774,right
37.1,J4,59.1,18.12,left
117.1,J4,32.1,44.455,right
29.1,J4,25.2,37.683,left
56.2,J4,89.1,36.7,left
93.1,J4,47.1,12.46,left
109.1,J4,60.2,23.638,left
58.2,J4,2.2,14.919,right
114.2,J4,10.2,2.21,right
95.1,J4,59.2,31.736,right
25.1,J4,19.1,24.42,left
61.1,J4,22.2,17.163,left
118.1,J4,107.1,53.93,right
85.1,J4,51.2,4.67,right
66.1,J5,13.2,95.275,right
57.1,J5,64.1,123.369,left
102.2,J5,112.1,23.817,right
97.1,J5,57.2,25.04,right
12.2,J5,54.2,78.863,right
120.1,J5,26.1,10.35,right
72.2,J5,9.2,21.252,right
27.1,J5,48.1,10.737,right
98.1,J5,83.2,26.805,right
113.2,J5,41.1,21.923,right
91.1,J5,113.1,36.337,left
75.2,J5,45.1,2.398,right
116.1,J5,3.2,1.365,left
119.1,J5,43.1,16.282,right
92.1,J5,106.1,16.723,left
68.1,J5,38.1,14.595,left
94.1,J5,82.1,24.663,right
45.2,J5,58.1,80.732,right
51.1,J5,76.2,22.241,right
115.1,J5,65.2,4.15,right
28.1,J5,34.1,27.761,right
52.2,J5,118.2,31.822,left
46.2,J5,74.2,28.216,left
33.1,J5,99.1,48.074,left
111.2,J5,90.1,7.864,right
73.1,J5,108.2,15.649,right
67.2,J5,84.2,18.321,right
60.1,J5,79.2,33.475,left
42.2,J5,52.1,16.276,left
14.2,J5,17.1,29.205,right
11.2,J5,44.2,13.548,right
55.1,J5,43.2,13.494,left
30.1,J5,75.1,53.943,right
110.2,J5,41.2,13.983,right
61.2,J5,74.1,26.718,right
64.2,J5,112.2,2.856,left
105.1,J5,80.2,18.67,right
81.2,J5,115.2,5.64,left
31.1,J5,104.2,108.092,right
49.1,J5,35.1,21.107,left
77.2,J5,53.2,17.975,right
56.1,J5,78.2,36.01,left
84.1,J5,109.2,8.185,left
26.2,J5,83.1,26.534,left
99.2,J5,44.1,45.751,right
73.2,J5,105.2,4.296,left
103.2,J5,35.2,4.34,right
62.1,J5,47.2,7.299,right
63.1,J5,72.1,38.884,right
114.1,J5,69.2,10.492,left
81.1,J5,65.1,10.873,left
32.1,J5,15.2,26.002,right
29.1,J5,48.2,0.99,right
37.1,J5,56.2,28.868,left
101.2,J5,89.1,14.607,left
59.1,J5,93.1,31.447,left
117.1,J5,109.1,7.702,left
2.2,J5,25.2,22.737,right
58.2,J5,10.2,1.035,right
114.2,J5,59.2,13.066,right
95.1,J5,47.1,13.866,right
25.1,J5,60.2,21.121,right
61.1,J5,34.2,12.398,left
107.1,J5,22.2,3.202,left
118.1,J5,51.2,1.714,right
19.1,J5,85.1,8.782,left
22.1,J5,76.1,11.442,left
50.1,J5,18.1,10.688,left
42.1,J5,20.1,22.057,left
23.2,J5,77.1,2.285,right
86.1,J5,57.1,6.207,left
16.1,J5,21.1,44.074,left
16.1,J5,112.1,12.325,left
13.2,J5,57.2,22.54,left
64.1,J5,21.1,15.665,right
66.1,J5,54.2,10.691,left
102.2,J5,26.1,8.254,left
97.1,J5,48.1,4.214,left
12.2,J5,72.2,10.378,left
9.2,J5,83.2,2.012,left
120.1,J5,41.1,38.892,left
27.1,J5,113.1,3.36,left
91.1,J5,45.1,1.161,left
116.1,J5,98.1,21.002,right
43.1,J5,113.2,14.371,right
68.1,J5,75.2,2.867,right
82.1,J5,3.2,0.773,right
92.1,J5,119.1,33.223,left
106.1,J5,58.1,31.979,left
38.1,J5,65.2,5.322,left
94.1,J5,51.1,32.189,left
34.1,J5,76.2,61.691,right
45.2,J5,52.2,7.151,left
74.2,J5,115.1,31.872,right
46.2,J5,33.1,38.625,left
28.1,J5,90.1,12.578,left
108.2,J5,118.2,24.811,right
60.1,J5,99.1,13.171,right
111.2,J5,42.2,33.436,left
73.1,J5,84.2,4.224,right
67.2,J5,17.1,41.342,left
79.2,J5,55.1,42.839,left
52.1,J5,11.2,4.116,left
75.1,J5,44.2,62.984,right
14.2,J5,41.2,7.881,left
61.2,J5,43.2,11.151,right
64.2,J5,74.1,30.82,right
30.1,J5,80.2,19.007,left
81.2,J5,110.2,14.06,right
49.1,J5,112.2,0.794,right
105.1,J5,53.2,3.81,left
104.2,J5,115.2,3.791,left
31.1,J5,56.1,17.915,left
35.1,J5,26.2,28.834,left
77.2,J5,109.2,1.976,left
84.1,J5,44.1,1.637,left
73.2,J5,78.2,11.776,right
83.1,J5,35.2,3.95,left
99.2,J5,72.1,14.973,left
114.1,J5,105.2,2.023,right
47.2,J5,103.2,18.692,left
62.1,J5,15.2,9.706,left
63.1,J5,48.2,0.719,left
69.2,J5,65.1,26.611,left
81.1,J5,37.1,10.857,left
32.1,J5,101.2,43.185,left
59.1,J5,29.1,5.935,right
56.2,J5,25.2,4.339,left
117.1,J5,93.1,19.906,left
89.1,J5,10.2,0.827,left
47.1,J5,109.1,29.048,right
60.2,J5,2.2,22.92,right
58.2,J5,59.2,6.387,right
107.1,J5,114.2,53.998,right
95.1,J5,51.2,3.247,left
34.2,J5,25.1,41.805,right
61.1,J5,19.1,44.527,left
22.1,J5,22.2,24.341,right
118.1,J5,50.1,3.384,left
85.1,J5,20.1,28.69,left
42.1,J5,23.2,9.301,left
86.1,J5,77.1,4.367,right
16.1,J5,76.1,16.083,right
50.1,J6,23.2,59.753,left
86.1,J6,42.1,34.21,right
16.1,J6,77.1,27.377,right
13.2,J6,20.1,20.782,right
21.1,J6,76.1,13.953,right
57.1,J6,18.1,42.305,right
97.1,J6,66.1,27.585,right
112.1,J6,26.1,66.832,left
12.2,J6,57.2,19.181,right
9.2,J6,64.1,28.073,right
54.2,J6,48.1,25.631,left
120.1,J6,102.2,79.179,right
113.1,J6,72.2,57.362,right
113.2,J6,83.2,213.077,right
27.1,J6,45.1,3.499,left
116.1,J6,41.1,25.736,right
75.2,J6,91.1,18.316,right
98.1,J6,43.1,12.672,left
106.1,J6,3.2,2.767,right
92.1,J6,38.1,39.67,left
68.1,J6,94.1,40.207,left
76.2,J6,119.1,29.816,right
82.1,J6,65.2,21.993,left
58.1,J6,34.1,23.587,left
28.1,J6,45.2,77.104,right
74.2,J6,51.1,105.977,right
33.1,J6,115.1,99.74,right
90.1,J6,52.2,28.279,right
99.1,J6,46.2,89.74,right
118.2,J6,84.2,17.019,left
67.2,J6,108.2,191.196,right
79.2,J6,111.2,22.153,right
60.1,J6,52.1,151.829,left
44.2,J6,73.1,29.236,right
42.2,J6,55.1,17.062,left
75.1,J6,17.1,361.426,right
14.2,J6,30.1,35.982,left
61.2,J6,11.2,29.497,right
43.2,J6,64.2,70.637,left
80.2,J6,41.2,22.374,right
74.1,J6,112.2,3.269,left
104.2,J6,110.2,61.511,right
31.1,J6,81.2,40.183,right
77.2,J6,49.1,30.114,right
84.1,J6,115.2,6.834,right
53.2,J6,26.2,28.088,left
56.1,J6,44.1,19.807,left
78.2,J6,105.2,8.968,left
35.2,J6,109.2,11.15,right
72.1,J6,83.1,24.994,right
114.1,J6,73.2,28.869,right
99.2,J6,103.2,36.454,left
47.2,J6,69.2,27.464,left
65.1,J6,62.1,27.387,right
63.1,J6,37.1,24.859,left
81.1,J6,29.1,25.409,left
56.2,J6,15.2,11.639,right
101.2,J6,48.2,3.137,right
32.1,J6,25.2,27.286,left
59.1,J6,2.2,8.696,left
117.1,J6,10.2,5.072,left
47.1,J6,89.1,23.035,right
60.2,J6,93.1,16.515,right
58.2,J6,109.1,9.547,right
59.2,J6,25.1,16.221,left
114.2,J6,34.2,51.318,left
19.1,J6,95.1,15.375,right
118.1,J6,61.1,21.319,right
107.1,J6,85.1,14.097,left
22.1,J6,51.2,17.666,right
22.1,J6,34.2,26.808,right
22.2,J6,77.1,15.245,left
86.1,J6,50.1,39.294,right
42.1,J6,16.1,13.433,left
21.1,J6,20.1,18.533,right
13.2,J6,76.1,10.747,right
66.1,J6,18.1,25.969,right
112.1,J6,23.2,38.669,right
57.1,J6,102.2,13.284,left
57.2,J6,9.2,30.419,left
12.2,J6,64.1,14.105,right
54.2,J6,120.1,23.822,left
97.1,J6,72.2,28.599,left
26.1,J6,83.2,20.843,left
48.1,J6,91.1,11.423,left
113.2,J6,27.1,22.174,right
41.1,J6,45.1,4.45,left
98.1,J6,3.2,4.344,left
92.1,J6,113.1,14.925,right
68.1,J6,116.1,12.074,right
119.1,J6,75.2,27.755,right
82.1,J6,43.1,24.208,right
45.2,J6,106.1,15.18,right
51.1,J6,38.1,7.542,right
115.1,J6,58.1,15.571,right
94.1,J6,52.2,18.011,left
76.2,J6,46.2,27.068,left
28.1,J6,65.2,11.448,right
34.1,J6,118.2,30.556,left
74.2,J6,111.2,33.634,left
60.1,J6,33.1,22.916,right
73.1,J6,90.1,23.918,right
42.2,J6,99.1,49.261,right
108.2,J6,79.2,12.237,left
17.1,J6,84.2,25.983,right
14.2,J6,67.2,28.028,right
52.1,J6,43.2,45.153,left
44.2,J6,41.2,20.848,left
55.1,J6,74.1,32.019,left
11.2,J6,110.2,21.734,left
75.1,J6,64.2,11.133,left
81.2,J6,30.1,29.589,right
105.1,J6,61.2,14.574,right
80.2,J6,115.2,24.082,left
53.2,J6,112.2,10.806,right
35.1,J6,105.1,36.998,right
56.1,J6,104.2,16.509,right
49.1,J6,84.1,415.347,left
78.2,J6,31.1,25.259,right
35.1,J6,109.2,5.651,left
83.1,J6,77.2,21.694,right
99.2,J6,26.2,13.291,right
47.2,J6,44.1,11.532,right
73.2,J6,103.2,19.449,left
62.1,J6,105.2,5.906,right
63.1,J6,35.2,1.386,right
72.1,J6,81.1,8.26,left
114.1,J6,15.2,7.19,left
69.2,J6,32.1,12.6,left
59.1,J6,48.2,3.152,right
65.1,J6,117.1,5.3,left
37.1,J6,25.2,19.499,left
29.1,J6,89.1,14.402,left
56.2,J6,93.1,10.835,left
101.2,J6,109.1,8.864,left
114.2,J6,2.2,18.686,right
95.1,J6,10.2,1.837,right
59.2,J6,61.1,14.655,left
47.1,J6,107.1,13.63,left
60.2,J6,51.2,3.521,left
58.2,J6,34.2,11.475,left
25.1,J6,22.2,12.435,left
42.1,J6,19.1,20.429,right
118.1,J7,20.1,69.507,left
18.1,J7,85.1,47.978,right
22.1,J7,23.2,23.355,left
50.1,J7,16.1,61.151,left
13.2,J7,77.1,15.692,right
57.1,J7,76.1,15.787,right
86.1,J7,112.1,78.884,left
102.2,J7,21.1,22.482,right
26.1,J7,66.1,32.255,right
57.2,J7,48.1,36.152,left
120.1,J7,64.1,164.526,right
9.2,J7,54.2,25.185,right
97.1,J7,83.2,14.745,left
41.1,J7,12.2,17.94,right
113.2,J7,72.2,19.294,right
116.1,J7,27.1,15.678,right
43.1,J7,91.1,21.658,right
92.1,J7,98.1,21.763,right
113.1,J7,3.2,1.599,left
119.1,J7,45.1,1.352,right
75.2,J7,106.1,16.731,left
68.1,J7,76.2,39.233,left
82.1,J7,45.2,21.054,left
34.1,J7,38.1,41.609,right
58.1,J7,52.2,61.567,left
94.1,J7,115.1,27.001,left
46.2,J7,65.2,7.603,right
51.1,J7,118.2,26.4,left
28.1,J7,108.2,19.742,left
74.2,J7,84.2,15.294,left
33.1,J7,73.1,28.322,left
90.1,J7,42.2,23.104,left
67.2,J7,99.1,29.482,right
111.2,J7,17.1,14.972,left
60.1,J7,44.2,27.209,left
79.2,J7,11.2,29.052,left
52.1,J7,41.2,24.929,left
55.1,J7,30.1,35.945,left
61.2,J7,14.2,36.88,right
110.2,J7,75.1,17.331,right
43.2,J7,80.2,18.208,left
74.1,J7,81.2,12.627,left
49.1,J7,64.2,75.565,right
64.2,J7,115.2,6.612,left
31.1,J7,112.2,1.728,right
105.1,J7,56.1,22.694,left
77.2,J7,104.2,18.886,right
84.1,J7,104.2,16.205,right
78.2,J7,53.2,9.424,right
35.1,J7,44.1,13.66,left
73.2,J7,77.2,42.152,right
26.2,J7,105.2,6.186,left
47.2,J7,109.2,6.826,right
83.1,J7,114.1,18.571,left
99.2,J7,62.1,22.007,left
69.2,J7,35.2,5.244,right
72.1,J7,15.2,14.031,left
103.2,J7,48.2,1.465,left
63.1,J7,32.1,15.522,left
56.2,J7,81.1,28.097,right
59.1,J7,65.1,20.652,right
37.1,J7,117.1,25.743,left
29.1,J7,93.1,13.588,left
2.2,J7,101.2,11.673,right
25.2,J7,59.2,21.585,left
60.2,J7,89.1,17.012,right
109.1,J7,114.2,18.344,left
25.1,J7,10.2,1.391,right
61.1,J7,47.1,25.216,right
58.2,J7,51.2,2.834,left
95.1,J7,22.2,17.99,left
107.1,J7,22.1,26.741,left
34.2,J7,50.1,30.554,left
19.1,J7,77.1,5.802,left
118.1,J7,76.1,17.275,left
23.2,J7,85.1,13.077,right
13.2,J7,42.1,21.67,right
57.1,J7,20.1,16.683,right
18.1,J7,21.1,22.237,left
86.1,J7,57.2,19.432,left
64.1,J7,16.1,26.164,right
12.2,J7,66.1,23.546,right
9.2,J7,112.1,169.678,right
54.2,J7,72.2,36.323,left
102.2,J7,83.2,28.79,left
97.1,J7,27.1,81.818,left
26.1,J7,41.1,34.986,left
98.1,J7,48.1,9.777,right
120.1,J7,113.1,26.646,left
120.1,J7,113.2,12.192,left
91.1,J7,3.2,1.69,left
68.1,J7,113.1,25.452,right
82.1,J7,45.1,1.123,right
116.1,J7,106.1,21.458,left
75.2,J7,38.1,166.158,left
58.1,J7,43.1,11.919,right
92.1,J7,94.1,261.993,left
119.1,J7,65.2,2.816,left
76.2,J7,52.2,12.288,left
74.2,J7,45.2,28.795,right
33.1,J7,51.1,19.517,right
34.1,J7,90.1,14.45,left
99.1,J7,115.1,28.933,right
108.2,J7,46.2,24.724,right
111.2,J7,28.1,71.658,right
60.1,J7,118.2,29.811,right
52.1,J7,84.2,11.85,right
55.1,J7,73.1,13.551,right
14.2,J7,42.2,61.637,right
67.2,J7,11.2,29.047,left
79.2,J7,75.1,148.9,left
17.1,J7,43.2,11.956,left
44.2,J7,74.1,27.796,left
41.2,J7,112.2,1.305,left
105.1,J7,30.1,21.899,right
61.2,J7,49.1,22.606,left
110.2,J7,115.2,4.622,left
80.2,J7,53.2,8.32,left
35.1,J7,81.2,24.48,right
31.1,J7,109.2,4.807,left
83.1,J7,56.1,23.191,right
73.2,J7,84.1,67.26,right
26.2,J7,35.2,5.617,left
47.2,J7,78.2,43.057,right
72.1,J7,44.1,20.511,right
63.1,J7,99.2,35.41,right
69.2,J7,105.2,4.252,right
114.1,J7,48.2,1.295,left
103.2,J7,65.1,24.475,left
37.1,J7,62.1,14.919,right
81.1,J7,101.2,20.806,left
59.1,J7,15.2,14.93,right
32.1,J7,89.1,15.42,left
29.1,J7,109.1,18.831,left
56.2,J7,2.2,41.815,left
117.1,J7,59.2,17.957,left
47.1,J7,25.2,28.216,right
93.1,J7,58.2,65.866,left
61.1,J7,10.2,1.626,right
107.1,J7,60.2,22.181,right
19.1,J7,114.2,34.039,right
118.1,J7,95.1,8.599,right
25.1,J7,85.1,13.635,left
50.1,J8,51.2,5.094,right
34.2,J8,42.1,33.421,left
20.1,J8,22.2,20.779,right
22.1,J8,86.1,9.132,left
21.1,J8,77.1,10.186,right
66.1,J8,76.1,22.285,right
112.1,J8,18.1,88.549,right
57.2,J8,23.2,39.54,right
54.2,J8,16.1,13.679,right
102.2,J8,13.2,28.745,right
97.1,J8,57.1,28.424,right
64.1,J8,48.1,7.454,left
27.1,J8,26.1,19.963,right
91.1,J8,12.2,25.047,right
9.2,J8,98.1,16.57,left
72.2,J8,45.1,1.285,left
116.1,J8,83.2,9.413,right
75.2,J8,41.1,49.68,right
68.1,J8,113.2,6.506,right
38.1,J8,43.1,9.616,right
58.1,J8,3.2,1.278,right
92.1,J8,76.2,32.539,left
119.1,J8,45.2,27.606,left
82.1,J8,51.1,7.212,left
34.1,J8,106.1,9.496,right
94.1,J8,46.2,12.522,left
74.2,J8,65.2,3.816,right
115.1,J8,90.1,7.698,left
99.1,J8,52.2,9.229,right
28.1,J8,84.2,15.109,left
118.2,J8,73.1,9.611,left
33.1,J8,42.2,8.479,left
108.2,J8,17.1,12.589,left
111.2,J8,52.1,11.999,left
60.1,J8,55.1,7.392,left
67.2,J8,75.1,23.663,left
79.2,J8,43.2,14.709,left
44.2,J8,30.1,14.059,left
14.2,J8,110.2,11.961,left
11.2,J8,64.2,20.651,left
81.2,J8,41.2,23.595,right
105.1,J8,74.1,13.605,right
61.2,J8,104.2,45.754,left
80.2,J8,31.1,4.325,left
35.1,J8,112.2,1.994,right
26.2,J8,49.1,8.214,right
78.2,J8,115.2,3.225,right
53.2,J8,109.2,8.921,left
73.2,J8,56.1,8.364,right
99.2,J8,77.2,65.261,right
84.1,J8,105.2,2.867,left
114.1,J8,44.1,7.93,right
83.1,J8,103.2,6.067,left
81.1,J8,35.2,4.278,right
47.2,J8,15.2,6.136,left
72.1,J8,48.2,1.717,left
32.1,J8,62.1,11.494,right
29.1,J8,63.1,14.94,right
56.2,J8,69.2,84.522,right
65.1,J8,25.2,24.478,left
37.1,J8,89.1,4.322,left
101.2,J8,10.2,1.506,left
59.1,J8,59.2,94.101,left
117.1,J8,47.1,11.816,left
93.1,J8,114.2,4.389,left
95.1,J8,109.1,6.566,right
2.2,J8,25.1,16.127,left
60.2,J8,34.2,46.595,left
58.2,J8,19.1,24.887,left
61.1,J8,85.1,4.829,left
107.1,J8,50.1,15.342,left
42.1,J8,51.2,3.062,right
22.2,J8,76.1,8.702,left
18.1,J8,118.1,9.203,right
22.1,J8,16.1,66.674,left
57.1,J8,77.1,6.543,right
66.1,J8,20.1,14.439,right
64.1,J8,23.2,11.417,right
86.1,J8,54.2,5.341,left
13.2,J8,97.1,11.246,left
26.1,J8,21.1,15.596,right
112.1,J8,12.2,11.508,left
120.1,J8,57.2,11.004,right
102.2,J8,72.2,12.328,left
9.2,J8,91.1,8.43,left
113.1,J8,48.1,40.533,right
83.2,J8,45.1,79.438,left
75.2,J8,27.1,10.827,right
41.1,J8,43.1,13.709,left
68.1,J8,98.1,24.068,right
119.1,J8,113.2,15.461,right
82.1,J8,116.1,74.195,right
94.1,J8,3.2,1.534,right
58.1,J8,92.1,8.717,right
51.1,J8,106.1,4.199,right
38.1,J8,115.1,19.678,left
76.2,J8,28.1,9.579,left
118.2,J8,65.2,7.922,right
33.1,J8,45.2,9.353,right
99.1,J8,34.1,10.956,right
52.2,J8,108.2,13.755,left
111.2,J8,46.2,15.095,right
74.2,J8,60.1,12.256,left
67.2,J8,90.1,16.13,right
84.2,J8,44.2,10.295,left
14.2,J8,73.1,10.2,right
11.2,J8,42.2,26.227,right
79.2,J8,41.2,7.69,left
17.1,J8,74.1,9.826,left
52.1,J8,30.1,16.841,left
61.2,J8,55.1,18.014,right
75.1,J8,80.2,18.844,left
43.2,J8,112.2,1.139,left
110.2,J8,49.1,17.243,left
64.2,J8,53.2,5.37,left
56.1,J8,81.2,13.16,right
105.1,J8,77.2,6.846,left
26.2,J8,104.2,15.519,right
115.2,J8,109.2,12.485,left
31.1,J8,44.1,10.679,left
35.1,J8,83.1,17.181,left
84.1,J8,99.2,16.442,left
78.2,J8,35.2,4.256,left
62.1,J8,73.2,50.93,right
63.1,J8,105.2,1.714,right
81.1,J8,47.2,8.366,right
72.1,J8,65.1,56.217,left
37.1,J8,114.1,9.177,right
103.2,J8,32.1,14.477,left
29.1,J8,69.2,10.895,right
15.2,J8,101.2,10.146,left
117.1,J8,48.2,1.764,right
56.2,J8,109.1,10.179,left
59.1,J8,10.2,1.133,left
60.2,J8,25.2,7.547,right
58.2,J8,89.1,24.525,right
93.1,J8,95.1,7.91,left
61.1,J8,2.2,10.952,right
107.1,J8,59.2,4.12,right
47.1,J8,51.2,10.457,left
22.2,J8,114.2,11.654,right
118.1,J8,25.1,11.567,right
34.2,J8,77.1,6.197,left
54.2,J9,10.2,52.9,NA
67.2,J9,43.1,120.1,NA
46.2,J9,115.1,406.4,NA
73.2,J9,54.2,1043.2,NA
57.1,J9,119.1,503.3,NA
14.2,J9,81.1,94.1,NA
61.2,J9,27.1,78.3,NA
17.1,J9,66.1,107.3,NA
120.1,J9,69.2,73.3,NA
117.1,J9,45.2,126.8,NA
99.2,J9,80.2,198.3,NA
76.2,J9,62.1,58.1,NA
99.1,J9,64.2,255.9,NA
57.1,J9,79.2,132.4,NA
35.2,J9,77.1,61.2,NA
81.1,J9,116.1,93,NA
11.2,J9,84.2,81,NA
98.1,J9,119.1,163.1,NA
73.1,J9,111.2,118.2,NA
72.1,J9,57.1,111.4,NA
65.1,J9,34.2,170.4,NA
84.2,J9,20.1,88.4,NA
53.2,J9,83.2,90,NA
26.1,J9,48.1,147.6,NA
41.2,J9,113.2,106.2,NA
45.2,J9,44.1,93.8,NA
22.2,J9,12.2,84.4,NA
114.1,J9,49.1,163.2,NA
95.1,J9,89.1,85.6,NA
68.1,J9,65.2,70.8,NA
76.2,J9,113.1,53.1,NA
28.1,J9,37.1,261.3,NA
98.1,J9,114.2,64.8,NA
51.1,J9,52.2,104.8,NA
81.2,J9,105.2,25.8,NA
74.1,J9,41.2,88.9,NA
82.1,J9,75.2,72.9,NA
99.2,J9,85.1,42.8,NA
56.2,J9,44.2,106.4,NA
42.2,J9,21.1,79.9,NA
94.1,J9,34.1,238.9,NA
75.1,J9,25.2,69.3,NA
53.2,J9,59.2,65623.2,NA
51.1,J9,15.2,23869.7,NA
64.2,J9,48.2,13,NA
107.1,J9,51.1,49.7,NA
75.2,J9,2.2,38.2,NA
56.2,J9,110.2,45,NA
105.1,J9,99.2,44.4,NA
60.1,J9,23.2,16,NA
52.2,J9,76.1,105.9,NA
51.1,J9,90.1,22.3,NA
91.1,J9,32.1,90.3,NA
35.1,J9,92.1,107.4,NA
63.1,J9,77.1,50.8,NA
89.1,J9,41.1,47.6,NA
34.1,J9,26.2,70.7,NA
118.1,J9,86.1,179.4,NA
38.1,J9,32.1,140.2,NA
9.2,J9,89.1,77.8,NA
42.2,J9,19.1,41.1,NA
34.1,J9,64.1,45.1,NA
83.1,J9,117.1,30.7,NA
108.2,J9,91.1,36.1,NA
74.2,J9,26.2,29.8,NA
77.2,J9,93.1,56.4,NA
56.1,J9,57.2,46,NA
47.1,J9,18.1,27.8,NA
102.2,J9,76.1,67.7,NA
52.1,J9,115.1,45.9,NA
68.1,J9,47.2,54.1,NA
59.1,J9,114.2,26.7,NA
61.1,J9,97.1,42,NA
60.2,J9,79.2,126.4,NA
30.1,J9,83.2,41.9,NA
72.1,J9,78.2,13.6,NA
76.2,J9,58.1,38.1,NA
22.1,J9,109.2,22.3,NA
2.2,J9,115.2,21,NA
42.2,J9,72.2,25,NA
47.1,J9,118.2,87.9,NA
33.1,J9,10.2,8,NA
86.1,J9,112.2,5.1,NA
13.2,J9,51.1,69.5,NA
35.1,J9,25.1,17.1,NA
47.1,J9,84.1,44.9,NA
18.1,J9,45.1,6.5,NA
99.2,J9,51.2,6.4,NA
31.1,J9,101.2,41.5,NA
16.1,J9,112.2,4.3,NA
75.2,J9,43.2,96.7,NA
63.1,J9,58.2,147.4,NA
42.1,J9,84.2,15.9,NA
67.2,J9,3.2,3,NA
76.2,J9,50.1,53.4,NA
26.2,J9,109.1,23,NA
83.2,J9,106.1,49.8,NA
112.1,J9,52.1,245.5,NA
55.1,J9,115.1,68.7,NA
29.1,J9,25.1,70,NA
103.2,J9,21.1,48.1,NA
34.2,J9,104.2,29.2,NA
114.1,J9,53.2,23,NA
33.1,J9,90.1,22.5,NA
54.2,J9,62.1,37.8,NA
9.2,J9,80.2,62.8,NA
93.1,J9,85.1,17.7,NA
93.1,J9,102.2,48.2,NA
35.1,J9,69.2,18.5,NA
73.2,J9,112.1,22.1,NA
74.2,J9,61.2,89.8,NA
42.1,J9,45.1,2.4,NA
47.2,J9,58.1,55.7,NA
17.1,J9,53.2,22.2,NA
55.1,J9,28.1,25.3,NA
58.2,J9,95.1,78,NA
69.2,J9,43.1,33.2,NA
73.2,J9,110.2,32.3,NA
44.2,J9,13.2,59.5,NA
116.1,J9,17.1,44.7,NA
108.2,J9,23.2,12,NA
113.2,J9,114.2,48,NA
77.2,J9,80.2,49.5,NA
97.1,J9,84.1,32.8,NA
83.1,J9,62.1,26.4,NA
58.1,J9,16.1,44.5,NA
73.1,J9,64.1,29.2,NA
93.1,J9,29.1,89.4,NA
115.2,J9,77.1,25,NA
104.2,J9,65.2,167.1,NA
64.2,J9,19.1,28.8,NA
82.1,J9,62.1,30.7,NA
48.1,J9,113.2,29.9,NA
43.2,J9,98.1,131.8,NA
78.2,J9,83.2,27.8,NA
72.2,J9,20.1,25.6,NA
74.1,J9,102.2,44.7,NA
118.1,J9,103.2,85.8,NA
60.2,J9,74.1,118.4,NA
25.2,J9,109.1,76.2,NA
32.1,J9,113.1,35.4,NA
37.1,J9,32.1,25.3,NA
47.2,J9,56.1,19.2,NA
